,Bunny_Data,Bunnydist,Humidity,Humidity_Data,LightLevel,Light_Data,Temperature,Temperature_Data
-O1RBYg9A2WHKIuPCuY8,419.31189,419.31189,70.3,76.5,38.51038,46.49573,31.9,30.5
-O1RBksjEakAEIDnfoYC,419.31189,419.31189,70.3,76.5,38.51038,46.25153,31.9,30.4
-O1RBzHitNF_3IGx2CRh,419.31189,419.31189,70.3,76.6,38.51038,46.47131,31.9,30.3
-O1RCBUaWf4Ubw9hW5vI,8.19169,419.31189,70.3,76.6,38.51038,87.35043,31.9,30.3
-O1RCPHtYIFRlxjcMfdE,419.31189,419.31189,70.3,76.9,38.51038,83.12576,31.9,30.3
-O1RCcHTT2FGCSDrDy2q,419.31189,419.31189,70.3,76.3,38.51038,83.15018,31.9,30.3
-O1RCsvnIWH1VNTMKeX_,419.31189,419.31189,70.3,76.2,38.51038,83.07693,31.9,30.4
-O1RD6IHA7P_ZAnisYge,6.75814,419.31189,70.3,76.1,38.51038,82.51527,31.9,30.4
-O1RDGUiF1RxUgvbhgVJ,419.31189,419.31189,70.3,76.1,38.51038,43.76068,31.9,30.4
-O1RDUI5Fvv3Aq6tnVf0,419.31189,419.31189,70.3,76.3,38.51038,44.10257,31.9,30.4
-O1RDgd5sSbLMjPkqKo2,419.31189,419.31189,70.3,76.0,38.51038,43.93163,31.9,30.4
-O1RDvHk5BK1YGyG4z78,8.49887,419.31189,70.3,75.9,38.51038,82.63737,31.9,30.5
-O1REBtaLKCBw6fZmIoD,419.31189,419.31189,70.3,75.7,38.51038,43.22344,31.9,30.5
-O1REQtKb2zty9nyBOLC,419.31189,419.31189,70.3,75.5,38.51038,43.32113,31.9,30.5
-O1REh5gug2JasJeA_2S,419.31189,419.31189,70.3,75.4,38.51038,43.36996,31.9,30.4
-O1REmHqvTQX8ZrNpzL8,419.31189,419.31189,70.3,75.3,38.51038,43.24786,31.9,30.5
-O1REz5B-xX79xZICJbr,419.31189,419.31189,70.3,75.2,38.51038,43.22344,31.9,30.5
-O1RFBtgRADRHNUsE8-m,419.31189,419.31189,70.3,75.0,38.51038,43.32113,31.9,30.5
-O1RFPguZUlBoyz5KSxy,419.31189,419.31189,70.3,74.9,38.51038,43.22344,31.9,30.5
-O1RFcI7PqGwmsskM62I,419.31189,419.31189,70.3,74.7,38.51038,43.36996,31.9,30.5
-O1RFp5RMDn6sPOc5u2w,419.31189,419.31189,70.3,74.8,38.51038,43.36996,31.9,30.5
-O1RG1gJYV4kciojulLv,419.31189,419.31189,70.3,74.9,38.51038,43.36996,31.9,30.5
-O1RGG5GMMqd3b3bpzoF,419.31189,419.31189,70.3,74.9,38.51038,43.32113,31.9,30.5
-O1RGT5CQBO6ae0uoE6c,419.31189,419.31189,70.3,74.7,38.51038,43.36996,31.9,30.5
-O1RGfHaP_V1uhqC3SJs,419.31189,419.31189,70.3,74.7,38.51038,43.32113,31.9,30.5
-O1RGu53Udj3BFayYGkj,419.31189,419.31189,70.3,74.5,38.51038,43.36996,31.9,30.5
-O1RH7UwPOqAXpZ1MH7w,419.31189,419.31189,70.3,74.6,38.51038,43.02808,31.9,30.5
-O1RHJgV-CU4WnDBRaWL,419.31189,419.31189,70.3,74.6,38.51038,43.24786,31.9,30.4
-O1RHXhNCHQFFn_wEh3V,419.31189,419.31189,70.3,74.7,38.51038,43.24786,31.9,30.4
-O1RHjt7BPs9nc_s86Wf,419.31189,419.31189,70.3,74.8,38.51038,43.36996,31.9,30.4
-O1RHyHb6zXPKi3Y_jsC,419.31189,419.31189,70.3,74.9,38.51038,43.32113,31.9,30.5
-O1RIAILLRRFj_FTHXgu,419.31189,419.31189,70.3,74.9,38.51038,43.24786,31.9,30.5
-O1RIOHlDq0sjvxM19sm,419.31189,419.31189,70.3,74.9,38.51038,43.22344,31.9,30.5
-O1RIateGUyaErbqwNyW,419.31189,419.31189,70.3,74.9,38.51038,43.32113,31.9,30.5
-O1RIogez0c880rc2AES,419.31189,419.31189,70.3,75.0,38.51038,43.34554,31.9,30.5
-O1RJ0gXoUd9wZMN3sHl,419.31189,419.31189,70.3,74.9,38.51038,43.2967,31.9,30.5
-O1RJFBnrUFmNG-kpj4G,419.31189,419.31189,70.3,74.8,38.51038,43.2967,31.9,30.6
-O1RJSIEMy3GjzebxdAl,419.31189,419.31189,70.3,74.8,38.51038,43.2967,31.9,30.6
-O1RJg5-ikOWU9WmWjoB,419.31189,419.31189,70.3,74.9,38.51038,43.34554,31.9,30.6
-O1RJsuDbZMIV4OU1BJ_,419.31189,419.31189,70.3,75.0,38.51038,43.2967,31.9,30.6
-O1RK6gtbGgNsELU0eBp,419.31189,419.31189,70.3,75.0,38.51038,43.36996,31.9,30.6
-O1RKJ5FHHaM7z-5RQl3,419.31189,419.31189,70.3,75.1,38.51038,43.24786,31.9,30.6
-O1RKXgvFpasSh8DcMKs,419.31189,419.31189,70.3,75.1,38.51038,43.12576,31.9,30.6
-O1RKkh2Zn2zM1xmnZtY,419.31189,419.31189,70.3,75.2,38.51038,43.34554,31.9,30.5
-O1RKxtr5vOeo4OP-6a-,419.31189,419.31189,70.3,75.3,38.51038,43.32113,31.9,30.5
-O1RLC5KM7t7oPi2pbeC,419.31189,419.31189,70.3,75.5,38.51038,43.36996,31.9,30.5
-O1RLNhAhtJQKZL_XSWY,419.31189,419.31189,70.3,75.5,38.51038,43.36996,31.9,30.5
-O1RLa5MHNTsNM8EmLHy,419.31189,419.31189,70.3,75.4,38.51038,43.2967,31.9,30.6
-O1RLoVAQP2-XXoTEglg,419.31189,419.31189,70.3,75.4,38.51038,43.19902,31.9,30.6
-O1RM259EXrdk9TzvTOn,419.31189,419.31189,70.3,75.4,38.51038,43.12576,31.9,30.6
-O1RMEO0OO9zSsNf44Rl,419.31189,419.31189,70.3,75.6,38.51038,43.19902,31.9,30.5
-O1RMSIReN1WIe9s9Bhy,419.31189,419.31189,70.3,75.6,38.51038,43.0525,31.9,30.5
-O1RMgh9Irwbfwau3oBu,419.31189,419.31189,70.3,75.5,38.51038,43.22344,31.9,30.5
-O1RMthQeyxH2bI1_A0l,419.31189,419.31189,70.3,75.6,38.51038,43.24786,31.9,30.5
-O1RN55bupPXoyRbXJ8j,419.31189,419.31189,70.3,75.6,38.51038,43.19902,31.9,30.5
-O1RNIIp-oZPNlBnA7QL,419.31189,419.31189,70.3,75.7,38.51038,43.34554,31.9,30.5
-O1RNX5JeTOfvqImP-zS,419.31189,419.31189,70.3,75.6,38.51038,43.2967,31.9,30.5
-O1RNjIJEmPN6NwydonW,419.31189,419.31189,70.3,75.8,38.51038,43.10135,31.9,30.5
-O1RNwI1mHhr6ubi5sXd,419.31189,419.31189,70.3,75.8,38.51038,43.22344,31.9,30.5
-O1RO8gUX5uwjR3wcGdD,419.31189,419.31189,70.3,75.8,38.51038,43.2967,31.9,30.5
-O1RONItlRcGda0fns0K,419.31189,419.31189,70.3,75.8,38.51038,43.4188,31.9,30.6
-O1RO_h3X5eC-YL5LFty,419.31189,419.31189,70.3,75.7,38.51038,43.12576,31.9,30.6
-O1ROnI79fxNPe3Flzrs,419.31189,419.31189,70.3,75.7,38.51038,43.32113,31.9,30.6
-O1RP0trDH_SYUa-cXqJ,419.31189,419.31189,70.3,75.7,38.51038,43.34554,31.9,30.6
-O1RPE5Z9Ps1CkbAKPqR,419.31189,419.31189,70.3,75.7,38.51038,43.15018,31.9,30.6
-O1RPRVHh4dKiCWujQWF,419.31189,419.31189,70.3,75.6,38.51038,43.24786,31.9,30.6
-O1RPdtr-K7XrMryoD4Y,419.31189,419.31189,70.3,75.7,38.51038,43.2967,31.9,30.6
-O1RPrIyk-aolPEmzioA,419.31189,419.31189,70.3,75.7,38.51038,43.36996,31.9,30.6
-O1RQ4V_1IOA3ZI1oWVV,419.31189,419.31189,70.3,75.7,38.51038,43.36996,31.9,30.6
-O1RQIUtFvF5eE0ZoSHe,419.31189,419.31189,70.3,75.8,38.51038,43.36996,31.9,30.6
-O1RQVI0FiPZ6BxWq9Km,419.31189,419.31189,70.3,75.9,38.51038,43.32113,31.9,30.5
-O1RQitQ8AY434cLe3-L,419.31189,419.31189,70.3,76.0,38.51038,43.24786,31.9,30.5
-O1RQwgvvnhP2Ps8sRWc,419.31189,419.31189,70.3,76.0,38.51038,43.10135,31.9,30.5
-O1RR8gqrmEMpo4o7T7r,419.31189,419.31189,70.3,76.0,38.51038,43.36996,31.9,30.5
-O1RRM5jO9eiSmrPuLzL,419.31189,419.31189,70.3,76.0,38.51038,43.24786,31.9,30.5
-O1RRZrS3bxC5j5V0neG,419.31189,419.31189,70.3,76.1,38.51038,43.12576,31.9,30.5
-O1RRmuVb6vl3gw4-i5t,419.31189,419.31189,70.3,76.1,38.51038,43.24786,31.9,30.5
-O1RS-5herH-ZbI9FS5W,419.31189,419.31189,70.3,76.0,38.51038,43.24786,31.9,30.5
-O1RSCgueLj4PN_Ez00-,419.31189,419.31189,70.3,76.0,38.51038,43.24786,31.9,30.5
-O1RSQi3CwjEk2DqLgJg,419.31189,419.31189,70.3,75.9,38.51038,43.22344,31.9,30.5
-O1RSfhHIlDVccB1Otpv,419.31189,419.31189,70.3,75.9,38.51038,43.19902,31.9,30.5
-O1RSrV370n4Yr8o6usl,419.31189,419.31189,70.3,75.8,38.51038,43.19902,31.9,30.5
-O1RT3VRAxGbT6ToNYhB,419.31189,419.31189,70.3,75.9,38.51038,43.2967,31.9,30.5
-O1RTI5mJME3rLe-leO-,419.31189,419.31189,70.3,76.0,38.51038,43.27229,31.9,30.5
-O1RTWV8JHXkqWA-XFYL,419.31189,419.31189,70.3,75.9,38.51038,43.24786,31.9,30.5
-O1RTi9HAGVFOWz8a7aZ,419.31189,419.31189,70.3,76.1,38.51038,43.36996,31.9,30.5
-O1RTvhcZhmfzmrmgFPA,419.31189,419.31189,70.3,76.2,38.51038,43.2967,31.9,30.4
-O1RUBV3ta3nDKUKYW_e,419.31189,419.31189,70.3,76.2,38.51038,43.22344,31.9,30.4
-O1RULtPRaaiTOCeS0lq,419.31189,419.31189,70.3,76.4,38.51038,43.32113,31.9,30.4
-O1RU_64Xs1tQSHO1qb0,419.31189,419.31189,70.3,76.5,38.51038,43.27229,31.9,30.4
-O1RUn5zsxhNfmMYhU40,419.31189,419.31189,70.3,76.5,38.51038,43.32113,31.9,30.4
-O1RV0V8ELVSKCQLc0HV,419.31189,419.31189,70.3,76.4,38.51038,43.34554,31.9,30.4
-O1RVDJHcK8mgP0JHT0i,419.31189,419.31189,70.3,76.5,38.51038,65.95849,31.9,30.4
-O1RVPhXT0pZ0V1TKdqu,419.31189,419.31189,70.3,76.6,38.51038,43.39438,31.9,30.4
-O1RVetXCEFfy5mmJk8B,419.31189,419.31189,70.3,76.6,38.51038,43.34554,31.9,30.4
-O1RVruKqtd8D-Jb11ZK,419.31189,419.31189,70.3,76.6,38.51038,43.36996,31.9,30.4
-O1RW47IqxO3OAuayoJo,419.31189,419.31189,70.3,76.7,38.51038,43.63858,31.9,30.4
-O1RWGIj0i_LVLbwwJDD,419.31189,419.31189,70.3,76.7,38.51038,43.36996,31.9,30.4
-O1RWX5gc3RmwMo2rshN,419.31189,419.31189,70.3,76.6,38.51038,43.34554,31.9,30.4
-O1RWhuVnEQ-H4NWUNL2,419.31189,419.31189,70.3,76.6,38.51038,43.15018,31.9,30.4
-O1RWuVhNplmnwa6tQG2,419.31189,419.31189,70.3,76.6,38.51038,43.36996,31.9,30.4
-O1RX7VyIYMvkbySTMV0,419.31189,419.31189,70.3,76.5,38.51038,43.51648,31.9,30.5
-O1RXMIfvilDxr-WcjSa,419.31189,419.31189,70.3,76.5,38.51038,43.44322,31.9,30.5
-O1RXZ5p--KC5Y-GICGo,419.31189,419.31189,70.3,76.4,38.51038,43.22344,31.9,30.5
-O1RXm5eg-oKf_dMEcbE,419.31189,419.31189,70.3,76.4,38.51038,43.34554,31.9,30.5
-O1RXzJnrJVWv-6vFzSS,419.31189,419.31189,70.3,76.2,38.51038,43.46764,31.9,30.6
-O1RYLhZxG9__wnIlSeu,419.31189,419.31189,70.3,76.3,38.51038,43.4188,31.9,30.6
-O1RYQJcXr6LcEUn9JDX,419.31189,419.31189,70.3,76.3,38.51038,43.34554,31.9,30.5
-O1RYdv5vqV7JNZh6Mpo,419.31189,419.31189,70.3,76.4,38.51038,43.34554,31.9,30.5
-O1RYqId0822BJRSHjUa,419.31189,419.31189,70.3,76.4,38.51038,65.90965,31.9,30.6
-O1RZ4h3sFzxMoeISG2K,419.31189,419.31189,70.3,76.3,38.51038,43.4188,31.9,30.6
-O1RZGIxLQ6QJH7iCa_L,419.31189,419.31189,70.3,76.2,38.51038,43.4188,31.9,30.6
-O1RZWW0Gokn5fUPZsC2,419.31189,419.31189,70.3,76.2,38.51038,43.34554,31.9,30.6
-O1RZhVxozyg7TPfLGic,419.31189,419.31189,70.3,76.3,38.51038,43.27229,31.9,30.6
-O1RZvJge24SWmbSAP_T,419.31189,419.31189,70.3,76.3,38.51038,43.36996,31.9,30.6
-O1R_9Vojltj-re9z525,419.31189,419.31189,70.3,76.5,38.51038,43.24786,31.9,30.5
-O1R_NMx_ZQisL7AghbZ,419.31189,419.31189,70.3,76.5,38.51038,43.34554,31.9,30.5
-O1R_c6laGJIosnkbt3-,419.31189,419.31189,70.3,76.6,38.51038,43.2967,31.9,30.5
-O1R_lIymJHE4IAhfXgD,419.31189,419.31189,70.3,76.7,38.51038,43.39438,31.9,30.5
-O1R_zucDNZUI-KJqZbj,419.31189,419.31189,70.3,76.6,38.51038,43.24786,31.9,30.5
-O1RaB6-zM3JjeGSsYl4,419.31189,419.31189,70.3,76.6,38.51038,40.21978,31.9,30.6
-O1RaShGInIPWalWrYCr,419.31189,419.31189,70.3,76.5,38.51038,40.19536,31.9,30.6
-O1RabhgMMZIn-2KSyGD,419.31189,419.31189,70.3,76.5,38.51038,40.07326,31.9,30.6
-O1RaqJGqqkqWQU4LtUv,419.31189,419.31189,70.3,76.6,38.51038,40.2442,31.9,30.6
-O1Rb56WK_cxkgRpHHL2,419.31189,419.31189,70.3,76.8,38.51038,40.19536,31.9,30.6
-O1RbIhEUcQdaxlVf7VK,419.31189,419.31189,70.3,76.8,38.51038,40.2442,31.9,30.5
-O1RbTuUuA6p32CpkQ3h,419.31189,419.31189,70.3,76.8,38.51038,40.07326,31.9,30.6
-O1RbgiQfTZVYS1G4VLp,419.31189,419.31189,70.3,76.8,38.51038,40.17094,31.9,30.6
-O1RbzJxXztqGSTwI57g,419.31189,419.31189,70.3,76.9,38.51038,40.0,31.9,30.6
-O1RcBWNySvPRrG4t9tA,419.31189,419.31189,70.3,77.1,38.51038,40.21978,31.9,30.6
-O1RcQ6HHygMQ8_Jm6QK,419.31189,419.31189,70.3,77.3,38.51038,40.17094,31.9,30.5
-O1Rcnh8AKmi2kxMjaaM,419.31189,419.31189,70.3,77.4,38.51038,40.09768,31.9,30.5
-O1Rcqu89vvqG_71OIqy,419.31189,419.31189,70.3,77.7,38.51038,40.17094,31.9,30.5
-O1Rd5VxWe9Cm7glRxoQ,419.31189,419.31189,70.3,77.7,38.51038,40.2442,31.9,30.5
-O1RdJIxxXNatZtRZQMp,419.31189,419.31189,70.3,77.6,38.51038,40.2442,31.9,30.5
-O1RdX6QzI-SZaSejH97,419.31189,419.31189,70.3,77.7,38.51038,40.31746,31.9,30.5
-O1RdjJaHsha7ziU1Qmq,419.31189,419.31189,70.3,77.7,38.51038,40.29304,31.9,30.6
-O1Rdvhekf_HweUgUZMB,419.31189,419.31189,70.3,77.7,38.51038,40.19536,31.9,30.5
-O1ReB6hssr3K7JObItL,419.31189,419.31189,70.3,77.7,38.51038,40.19536,31.9,30.6
-O1ReMhMbYGJElf8Ysb2,419.31189,419.31189,70.3,77.8,38.51038,40.02442,31.9,30.5
-O1Re_IlA0kubkdp27jd,419.31189,419.31189,70.3,77.8,38.51038,40.17094,31.9,30.5
-O1RerIzhI0LtcsVteFE,419.31189,419.31189,70.3,77.9,38.51038,40.2442,31.9,30.5
-O1Rf0J_eplL1Y_q68Q2,419.31189,419.31189,70.3,78.0,38.51038,40.2442,31.9,30.5
-O1RfEWhrZoghyzcYrk2,419.31189,419.31189,70.3,78.0,38.51038,40.2442,31.9,30.5
-O1RfRXxATr_FJ-GlI9T,419.31189,419.31189,70.3,77.9,38.51038,40.19536,31.9,30.6
-O1Rfdi4s3nZSs1UNZrT,419.31189,419.31189,70.3,77.9,38.51038,40.2442,31.9,30.6
-O1Rfr7JeGUn_7o-2uVl,419.31189,419.31189,70.3,77.9,38.51038,40.26862,31.9,30.6
-O1Rg4J2aAO75zYDIjJJ,419.31189,419.31189,70.3,78.0,38.51038,40.2442,31.9,30.6
-O1RgJuKpVI9PZSA8l06,419.31189,419.31189,70.3,78.0,38.51038,40.2442,31.9,30.6
-O1RgUv4YEaYSoE3MoOf,419.31189,419.31189,70.3,78.2,38.51038,40.2442,31.9,30.5
-O1Rgi63ZkgJCuh79yDJ,419.31189,419.31189,70.3,78.4,38.51038,40.19536,31.9,30.5
-O1Rgvj-lLgEcQGElogR,419.31189,419.31189,70.3,78.8,38.51038,40.21978,31.9,30.5
-O1RhEWLSbSo7LEe6DhC,419.31189,419.31189,70.3,78.9,38.51038,40.29304,31.9,30.4
-O1RhLJgYMFsYUIsTckj,419.31189,419.31189,70.3,79.6,38.51038,40.21978,31.9,30.2
-O1RhchhwlrBwdKQ4azi,8.08929,419.31189,70.3,79.6,38.51038,85.90965,31.9,30.2
-O1RhoFWOxIq5bDHQiGo,7.57731,419.31189,70.3,79.4,38.51038,85.44566,31.9,30.4
-O1Ri8hxEBNw-lVnkIEO,6.34856,419.31189,70.3,78.5,38.51038,85.56776,31.9,30.6
-O1RiGWKHek19uWFmQ3J,7.27012,419.31189,70.3,77.6,38.51038,85.25031,31.9,30.9
-O1RiT6uopM0zTCJlR-0,6.75814,419.31189,70.3,77.0,38.51038,85.56776,31.9,31.1
-O1RihuOtaRlMh_x22Je,7.8845,419.31189,70.3,76.3,38.51038,85.39683,31.9,31.2
-O1RiwJw_gA6CXlfaewF,6.86054,419.31189,70.3,75.8,38.51038,85.27473,31.9,31.4
-O1RjAJObGXeYGerE2Qr,7.16772,419.31189,70.3,75.3,38.51038,85.15263,31.9,31.6
-O1RjNJWFphmxyrIswr0,7.16772,419.31189,70.3,75.0,38.51038,85.22588,31.9,31.6
-O1RjZ5XBEPf_CR_X6mT,6.75814,419.31189,70.3,74.7,38.51038,85.15263,31.9,31.7
-O1Rjm6nbplDW1lMB6MQ,6.55335,419.31189,70.3,74.7,38.51038,85.0061,31.9,31.8
-O1Rk-W7YiezrAxPXPhU,7.27012,419.31189,70.3,74.6,38.51038,84.85959,31.9,31.8
-O1RkEVw-5JuVNDamv41,7.8845,419.31189,70.3,74.3,38.51038,84.90842,31.9,31.8
-O1RkPVsvfKDhUSdtkxt,6.55335,419.31189,70.3,74.3,38.51038,85.0061,31.9,31.9
-O1RkahVKgHKGT0eHi5n,5.2222,419.31189,70.3,74.1,38.51038,84.83517,31.9,31.9
-O1RkwWA9uI6hFvE_mjW,7.67971,419.31189,70.3,74.1,38.51038,84.81075,31.9,31.9
-O1Rl6iZYNzUEbmca1ZB,6.55335,419.31189,70.3,73.9,38.51038,85.15263,31.9,31.9
-O1RlJuV1HUf2fNoDyuv,6.45095,419.31189,70.3,73.9,38.51038,84.78632,31.9,31.9
-O1RlUJ5aBCDS1RHWJVM,7.98689,419.31189,70.3,73.8,38.51038,84.73749,31.9,31.9
-O1Rlfv3U9q6G6v1nb73,7.06533,419.31189,70.3,73.6,38.51038,84.81075,31.9,32.0
-O1RlsugntcxWBTEyEas,6.55335,419.31189,70.3,73.6,38.51038,84.73749,31.9,32.0
-O1RmhiTiXvWysAQxb43,7.06533,419.31189,70.3,73.7,38.51038,84.49329,31.9,31.9
-O1Rmv73-zH9cXkP4GjJ,7.7821,419.31189,70.3,73.8,38.51038,84.66422,31.9,32.0
-O1Rn5WKhjo8P7rWYD05,6.55335,419.31189,70.3,73.6,38.51038,84.61539,31.9,32.0
-O1RnFJYvBZOWWYIwNPs,6.55335,419.31189,70.3,73.4,38.51038,84.54212,31.9,32.0
-O1RnY6TEyHPXNH4i05i,7.8845,419.31189,70.3,73.3,38.51038,84.42003,31.9,32.1
-O1RnjuLPxbhiUtnSPea,6.75814,419.31189,70.3,73.4,38.51038,84.42003,31.9,32.0
-O1RnuuO95vjDLKRNTyn,6.75814,419.31189,70.3,73.3,38.51038,84.39561,31.9,32.0
-O1RoBueKNtlR7GZd-St,7.06533,419.31189,70.3,73.2,38.51038,84.39561,31.9,32.0
-O1RoM70M0r7EcTvuyrD,6.86054,419.31189,70.3,73.3,38.51038,84.37119,31.9,32.0
-O1Ro_W1dGFm4plywCDG,7.57731,419.31189,70.3,73.4,38.51038,84.37119,31.9,32.0
-O1Romhci_tJmvdMtQDT,7.37252,419.31189,70.3,73.3,38.51038,84.24908,31.9,32.0
-O1RozMXtunrPTK3PVRv,6.55335,419.31189,70.3,73.3,38.51038,84.46886,31.9,32.0
-O1RpCW3_p1omr615b8c,7.06533,419.31189,70.3,73.3,38.51038,84.37119,31.9,32.1
-O1RpQJmgsMOn5PEUIAO,8.08929,419.31189,70.3,73.2,38.51038,84.00488,31.9,32.0
-O1RpbJA2hhYdaAj0mTZ,5.52939,419.31189,70.3,73.2,38.51038,84.32234,31.9,32.0
-O1RpsvQUyJTXwileHT4,7.57731,419.31189,70.3,73.2,38.51038,84.24908,31.9,32.0
-O1RqAWWvlWU3adlP6gT,7.98689,419.31189,70.3,73.2,38.51038,84.17583,31.9,32.0
-O1RqHX3BYV09s3YMI36,6.55335,419.31189,70.3,73.2,38.51038,84.12698,31.9,32.0
-O1RqXVsIb-I5-J4hTjY,6.65574,419.31189,70.3,73.1,38.51038,84.0293,31.9,32.0
-O1RqjiL3lCa-jhub0CR,7.16772,419.31189,70.3,73.1,38.51038,84.00488,31.9,32.0
-O1RqyVzFHq0HMPl4MK3,6.55335,419.31189,70.3,73.1,38.51038,83.98047,31.9,32.0
-O1RrD6Wzc8HqCD2ALP2,6.86054,419.31189,70.3,73.0,38.51038,84.00488,31.9,32.0
-O1RrMWEVNoScJwqdRXs,6.75814,419.31189,70.3,73.1,38.51038,84.00488,31.9,32.0
-O1RrZvI5f1hwQijQU3D,6.34856,419.31189,70.3,73.0,38.51038,84.10256,31.9,32.0
-O1Rrm6b9h11GMpmzS25,8.08929,419.31189,70.3,73.0,38.51038,83.76068,31.9,32.0
-O1Rs1JHDmBddblh4imO,6.14376,419.31189,70.3,73.1,38.51038,84.05373,31.9,32.0
-O1RsDWQ7kSjYB4zgrM_,6.34856,419.31189,70.3,73.1,38.51038,84.00488,31.9,32.0
-O1RsQWaw18ADax1U7uC,6.65574,419.31189,70.3,73.2,38.51038,83.93163,31.9,32.0
-O1Rscvd0mNdlbfp3W_c,7.67971,419.31189,70.3,73.1,38.51038,83.83395,31.9,32.0
-O1Rsqugoc_EtLU8z6vF,6.75814,419.31189,70.3,73.0,38.51038,84.05373,31.9,32.0
-O1Rt4WPm-REL-hWj0GX,7.98689,419.31189,70.3,73.0,38.51038,83.88278,31.9,32.0
-O1RtGuodMbvv5UJj_sB,7.57731,419.31189,70.3,73.0,38.51038,83.93163,31.9,32.0
-O1RtTWx2kc6-otWvKov,5.83658,419.31189,70.3,73.0,38.51038,83.71185,31.9,32.0
-O1RtitXb6wEQydVzNed,6.34856,419.31189,70.3,72.9,38.51038,83.58974,31.9,32.0
-O1RtwucMBeRdgnXVjaV,6.65574,419.31189,70.3,72.8,38.51038,83.80952,31.9,32.0
-O1Ru9ufXmyNVN67o1Fx,6.24616,419.31189,70.3,72.9,38.51038,83.73627,31.9,32.0
-O1RuKv28b_Sbl2HA2qu,6.65574,419.31189,70.3,72.8,38.51038,84.00488,31.9,32.1
-O1Ru_J7uU_SfI4y1IFs,7.47491,419.31189,70.3,72.7,38.51038,83.85837,31.9,32.1
-O1Rul7SE_zoT3b6PE2T,6.65574,419.31189,70.3,72.7,38.51038,83.63859,31.9,32.1
-O1RuzieSPRyNhryu-iX,7.57731,419.31189,70.3,72.7,38.51038,83.76068,31.9,32.1
-O1RvB6_lPCdLa3Af5rO,7.27012,419.31189,70.3,72.7,38.51038,83.63859,31.9,32.1
-O1RvPhw94fN8M7dnUcF,6.75814,419.31189,70.3,72.6,38.51038,83.7851,31.9,32.1
-O1RvcJf0W9JdQwCtKSc,6.96293,419.31189,70.3,72.6,38.51038,37.09402,31.9,32.1
-O1RvmvoaMRsrukxW9UE,419.31189,419.31189,70.3,72.5,38.51038,23.46764,31.9,32.1
-O1Rw-vp4rmXcW8iBEC8,419.31189,419.31189,70.3,72.6,38.51038,23.46764,31.9,32.1
-O1RwD6kSAFujaT4S1Ee,419.31189,419.31189,70.3,72.5,38.51038,23.39438,31.9,32.1
-O1RwRWUgC8yo1b3MAVS,419.31189,419.31189,70.3,72.5,38.51038,18.4127,31.9,32.1
-O1RweJfmV4QyVuU2oa4,419.31189,419.31189,70.3,72.5,38.51038,18.48596,31.9,32.1
-O1Rwri3H31vdWXQ7Qii,419.31189,419.31189,70.3,72.4,38.51038,18.48596,31.9,32.1
-O1Rx3i85ULc8Vj6dLoJ,419.31189,419.31189,70.3,72.5,38.51038,18.38828,31.9,32.1
-O1RxJ6xXFP5BQAWOKGR,419.31189,419.31189,70.3,72.8,38.51038,18.6569,31.9,32.0
-O1RxWXFf5LQHyV13yXD,419.31189,419.31189,70.3,72.9,38.51038,18.48596,31.9,32.0
-O1RxjiPeSYK5-9WKpJN,419.31189,419.31189,70.3,72.8,38.51038,18.51038,31.9,32.0
-O1RxvWq-_nc-_pjmPrF,419.31189,419.31189,70.3,72.6,38.51038,18.43712,31.9,32.0
-O1RyA8iUzXc5OVrpYa-,419.31189,419.31189,70.3,72.7,38.51038,18.4127,31.9,32.0
-O1RyMJweFrEyISCg-tD,419.31189,419.31189,70.3,72.7,38.51038,18.4127,31.9,32.0
-O1RyZYXDSElnctXNdYy,419.31189,419.31189,70.3,72.7,38.51038,18.48596,31.9,31.9
-O1RylXLw4p5r3Ajdgt2,419.31189,419.31189,70.3,72.9,38.51038,18.55922,31.9,31.9
-O1Rz3KYx_--O31t54mt,419.31189,419.31189,70.3,72.9,38.51038,18.5348,31.9,31.9
-O1RzCWYHOMc37SL8ojn,419.31189,419.31189,70.3,72.9,38.51038,18.43712,31.9,31.9
-O1RzQifs0eae80MZwUR,419.31189,419.31189,70.3,73.0,38.51038,18.43712,31.9,31.9
-O1Rzcv_Aj0GUQnG5IYo,419.31189,419.31189,70.3,73.0,38.51038,18.38828,31.9,31.9
-O1Rzs7pCeT5MRfb5zpc,419.31189,419.31189,70.3,73.0,38.51038,18.24176,31.9,31.9
-O1S-3vhZaYecNtz4e7j,419.31189,419.31189,70.3,73.0,38.51038,18.38828,31.9,31.9
-O1S-HKn1RK22vWCu6xp,419.31189,419.31189,70.3,72.9,38.51038,18.38828,31.9,32.0
-O1S-UL-QeolH7StLutO,419.31189,419.31189,70.3,72.8,38.51038,18.38828,31.9,31.9
-O1S-hvKxass2sBC-JYG,419.31189,419.31189,70.3,72.9,38.51038,18.36386,31.9,32.0
-O1S-uwFxDsdgFstF6db,419.31189,419.31189,70.3,72.9,38.51038,18.38828,31.9,32.0
-O1S06w5TSbSaxmr4M9y,419.31189,419.31189,70.3,72.8,38.51038,18.33944,31.9,32.0
-O1S0P7TSCTyp3kx7AQf,419.31189,419.31189,70.3,72.7,38.51038,18.38828,31.9,32.0
-O1S0ZiqHXYHOOZjoXyC,419.31189,419.31189,70.3,72.8,38.51038,18.38828,31.9,32.0
-O1S0m7JO_xWNv55-qUx,419.31189,419.31189,70.3,72.7,38.51038,18.38828,31.9,31.9
-O1S0z7LHsitUkSPsHIV,419.31189,419.31189,70.3,72.7,38.51038,18.4127,31.9,31.9
-O1S1FjmU5Lf0ZgM8NZm,419.31189,419.31189,70.3,72.7,38.51038,18.31502,31.9,31.9
-O1S1QKfsa-7yszqAb3s,419.31189,419.31189,70.3,72.6,38.51038,18.36386,31.9,31.9
-O1S1d87ZpNyxf2jiAcK,419.31189,419.31189,70.3,72.7,38.51038,18.55922,31.9,31.9
-O1S1pj5YvpbEIv9P5aI,419.31189,419.31189,70.3,72.6,38.51038,18.36386,31.9,31.9
-O1S23YH3aF_gWdxVrK2,419.31189,419.31189,70.3,72.5,38.51038,18.36386,31.9,31.9
-O1S2Gj8Mtmfr3F3AXqj,419.31189,419.31189,70.3,72.5,38.51038,18.46154,31.9,31.9
-O1S2T8VKk4nx-GBcMi8,419.31189,419.31189,70.3,72.6,38.51038,18.43712,31.9,31.9
-O1S2gK1XBxzEqfDVWhQ,419.31189,419.31189,70.3,72.3,38.51038,18.36386,31.9,31.9
-O1S2v7udxWdl2mAu-_V,419.31189,419.31189,70.3,72.2,38.51038,18.43712,31.9,31.9
-O1S35w9nzIY5oRrXLBP,419.31189,419.31189,70.3,72.1,38.51038,18.36386,31.9,32.0
-O1S3KwCJWA8oKNGag3B,419.31189,419.31189,70.3,72.0,38.51038,18.36386,31.9,32.0
-O1S3YMaZh6GzGcsPYud,419.31189,419.31189,70.3,71.9,38.51038,18.48596,31.9,32.1
-O1S3lRaAcoE_bpW_fQo,419.31189,419.31189,70.3,71.6,38.51038,18.63248,31.9,32.1
-O1S3yKH2E8E9fCzdrQY,419.31189,419.31189,70.3,71.7,38.51038,18.55922,31.9,32.0
-O1S4AvlMe6O0IZ3w7NG,419.31189,419.31189,70.3,71.8,38.51038,18.4127,31.9,32.0
-O1S4OwQZH0AN7xwWNMD,419.31189,419.31189,70.3,71.7,38.51038,18.51038,31.9,32.0
-O1S4djBfQJ4yeTdOzsB,419.31189,419.31189,70.3,71.7,38.51038,18.5348,31.9,32.1
-O1S4rY2ei401-4ctU3M,419.31189,419.31189,70.3,71.7,38.51038,18.48596,31.9,32.0
-O1S51JrXio2IZlHvw1l,419.31189,419.31189,70.3,71.8,38.51038,18.48596,31.9,32.0
-O1S5FKtLUzSv5zRYKJ1,419.31189,419.31189,70.3,72.0,38.51038,18.51038,31.9,32.0
-O1S5X8Gwn3QwKuQlFU_,419.31189,419.31189,70.3,71.8,38.51038,18.48596,31.9,32.0
-O1S5g7v566V9j1fPQBo,419.31189,419.31189,70.3,71.8,38.51038,18.48596,31.9,32.0
-O1S5tKh3aLAbsB3kHy1,419.31189,419.31189,70.3,71.5,38.51038,18.43712,31.9,32.1
-O1S67WVKyU9db4Z3Tpm,419.31189,419.31189,70.3,71.5,38.51038,18.68132,31.9,32.0
-O1S6L9MBB-q1pNVs-uz,419.31189,419.31189,70.3,71.5,38.51038,18.5348,31.9,32.1
-O1S6WicsJaPT6RtjxrZ,419.31189,419.31189,70.3,71.6,38.51038,18.31502,31.9,32.0
-O1S6jyLtWtANq_W8psy,419.31189,419.31189,70.3,71.4,38.51038,18.5348,31.9,32.1
-O1S6zLDj5N-vV4JzCT1,419.31189,419.31189,70.3,71.5,38.51038,18.43712,31.9,32.1
-O1S7AJsWKD3VEZg3ulZ,419.31189,419.31189,70.3,71.6,38.51038,18.6569,31.9,32.1
-O1S7O8FmdwrcSb-2V9a,419.31189,419.31189,70.3,71.6,38.51038,18.608060000000002,31.9,32.0
-O1S7a75o-LSqJsCk0Tf,419.31189,419.31189,70.3,71.5,38.51038,18.36386,31.9,32.1
-O1S7p7b9jZspquK9iWv,419.31189,419.31189,70.3,71.4,38.51038,18.5348,31.9,32.1
-O1S80KWLUN5nPgkP2Q6,419.31189,419.31189,70.3,71.3,38.51038,18.48596,31.9,32.1
-O1S8FKGWerTQxJXVvqF,419.31189,419.31189,70.3,71.4,38.51038,18.608060000000002,31.9,32.1
-O1S8SKelm6T0QYUg17d,419.31189,419.31189,70.3,71.3,38.51038,18.5348,31.9,32.1
-O1S8gkNsw-74uyZLNwL,419.31189,419.31189,70.3,71.2,38.51038,18.51038,31.9,32.2
-O1S8sKJEA6DHs27RgJm,419.31189,419.31189,70.3,71.1,38.51038,18.46154,31.9,32.2
-O1S958-Mu9xSvEvPClT,419.31189,419.31189,70.3,71.0,38.51038,18.46154,31.9,32.2
-O1S9IWU8pC6ipEq3_cm,419.31189,419.31189,70.3,71.0,38.51038,18.48596,31.9,32.1
-O1S9Wip10Xk2wyw3zQu,419.31189,419.31189,70.3,71.2,38.51038,18.43712,31.9,32.1
-O1S9iX7V-cMvYnF3WEQ,419.31189,419.31189,70.3,71.3,38.51038,18.63248,31.9,32.1
-O1S9x8W3phHA6jPYaZl,419.31189,419.31189,70.3,71.2,38.51038,18.58364,31.9,32.1
-O1SABhVDqwJYQyGGCjO,419.31189,419.31189,70.3,71.2,38.51038,18.63248,31.9,32.1
-O1SAP9idGpuPUm5QDcl,419.31189,419.31189,70.3,71.1,38.51038,18.48596,31.9,32.1
-O1SA_vMnc3AjPKXB2Kn,419.31189,419.31189,70.3,71.2,38.51038,18.4127,31.9,32.1
-O1SAnWvJALviZBEz4YR,419.31189,419.31189,70.3,71.3,38.51038,18.43712,31.9,32.0
-O1SB0vs6dNWKs3QrvCq,419.31189,419.31189,70.3,71.2,38.51038,18.63248,31.9,32.1
-O1SBEvVC_EqhxaVUV4j,419.31189,419.31189,70.3,71.1,38.51038,18.5348,31.9,32.1
-O1SBRKPNHWbteMxu3ty,419.31189,419.31189,70.3,71.1,38.51038,18.63248,31.9,32.1
-O1SBdvqo54V9X2Z-AaK,419.31189,419.31189,70.3,71.3,38.51038,18.73016,31.9,32.1
-O1SBsXgfDIBcenuPInF,419.31189,419.31189,70.3,71.1,38.51038,18.58364,31.9,32.1
-O1SC5Kc9ztfC4y4o60n,419.31189,419.31189,70.3,71.1,38.51038,18.73016,31.9,32.1
-O1SCI7JSb2zor9I8Pjy,419.31189,419.31189,70.3,71.0,38.51038,18.73016,31.9,32.2
-O1SCVk06dMYeaiRMq5t,419.31189,419.31189,70.3,70.8,38.51038,18.70574,31.9,32.2
-O1SCjAHKw_lEmJ6Zlz-,419.31189,419.31189,70.3,70.8,38.51038,18.55922,31.9,32.2
-O1SCwX4EXpSPJvXbmCW,419.31189,419.31189,70.3,70.7,38.51038,18.58364,31.9,32.2
-O1SD8Ki08YNfvNi9i5W,419.31189,419.31189,70.3,70.7,38.51038,18.58364,31.9,32.2
-O1SDNLBKM_5JINMGSZP,419.31189,419.31189,70.3,70.7,38.51038,18.36386,31.9,32.2
-O1SD_KeQzTMPihHuSY-,419.31189,419.31189,70.3,70.5,38.51038,18.75458,31.9,32.3
-O1SDmvPhmDtBnIF-qLh,419.31189,419.31189,70.3,70.6,38.51038,18.608060000000002,31.9,32.3
-O1SE-KFYr0pyc9QptMP,419.31189,419.31189,70.3,70.5,38.51038,18.63248,31.9,32.3
-O1SEDvnAKSid6QfVUdq,419.31189,419.31189,70.3,70.4,38.51038,18.51038,31.9,32.3
-O1SERvcZGGsx0GtWtlA,419.31189,419.31189,70.3,70.1,38.51038,18.5348,31.9,32.3
-O1SEgwVkTS01kJUPCRw,419.31189,419.31189,70.3,70.1,38.51038,18.58364,31.9,32.3
-O1SErYClCmo0r5_erJa,419.31189,419.31189,70.3,70.2,38.51038,18.5348,31.9,32.3
-O1SF8ws-xw-Yks83piu,419.31189,419.31189,70.3,70.5,38.51038,18.68132,31.9,32.2
-O1SFIL9OnBtjxOrJjwT,419.31189,419.31189,70.3,70.6,38.51038,18.51038,31.9,32.2
-O1SFVjLQdPxsYRE16V5,419.31189,419.31189,70.3,70.6,38.51038,18.51038,31.9,32.2
-O1SFhXSVIENavsZ2d2J,419.31189,419.31189,70.3,70.5,38.51038,18.63248,31.9,32.3
-O1SFwXDtIDf3P4chD4N,419.31189,419.31189,70.3,70.3,38.51038,18.75458,31.9,32.3
-O1SG9KEuffDsjwOPrYJ,419.31189,419.31189,70.3,70.4,38.51038,18.51038,31.9,32.2
-O1SGMY24QiRHTQNmSIy,419.31189,419.31189,70.3,70.4,38.51038,18.63248,31.9,32.3
-O1SGZiroaBo-_r1Jl5t,419.31189,419.31189,70.3,70.3,38.51038,18.75458,31.9,32.3
-O1SGoKMWFJLWGHjzE-L,419.31189,419.31189,70.3,70.3,38.51038,18.6569,31.9,32.3
-O1SGzvqOgzLkHx5zD5h,419.31189,419.31189,70.3,70.3,38.51038,18.608060000000002,31.9,32.3
-O1SHDKf7zEZShrPy-4I,419.31189,419.31189,70.3,70.3,38.51038,18.48596,31.9,32.3
-O1SHQK9RhCe47Sl3Qjx,419.31189,419.31189,70.3,70.2,38.51038,18.51038,31.9,32.3
-O1SHekOke7NEnkU4z_8,419.31189,419.31189,70.3,70.2,38.51038,18.68132,31.9,32.3
-O1SHqxSO87ILcpQfdmC,419.31189,419.31189,70.3,70.2,38.51038,18.36386,31.9,32.3
-O1SI3SGKBnFE29mbhwv,419.31189,419.31189,70.3,70.0,38.51038,18.70574,31.9,32.3
-O1SIHwbq1vxHxd_MhkD,419.31189,419.31189,70.3,69.9,38.51038,18.58364,31.9,32.4
-O1SIVXc2ZwooZZ8to-a,419.31189,419.31189,70.3,70.0,38.51038,18.63248,31.9,32.4
-O1SIgxXbcS5unx9fG-K,419.31189,419.31189,70.3,70.1,38.51038,18.73016,31.9,32.3
-O1SIv8WlsRTJcktJApd,419.31189,419.31189,70.3,70.2,38.51038,18.63248,31.9,32.3
-O1SJ7j2Zt3Ud8xokb-u,419.31189,419.31189,70.3,70.1,38.51038,18.58364,31.9,32.4
-O1SJM7yQiAvrfZaFvp7,419.31189,419.31189,70.3,70.1,38.51038,18.73016,31.9,32.3
-O1SJZ8yJxtJltrHVQBj,419.31189,419.31189,70.3,70.1,38.51038,18.58364,31.9,32.3
-O1SJlKkL7DdcS267dKi,419.31189,419.31189,70.3,70.1,38.51038,18.63248,31.9,32.3
-O1SJzkWO5mkDMQDjB_W,419.31189,419.31189,70.3,70.2,38.51038,18.73016,31.9,32.3
-O1SKCM3PbHNTS8q7EFB,419.31189,419.31189,70.3,70.2,38.51038,18.5348,31.9,32.3
-O1SKQ7uh2DSvwlxk9cy,419.31189,419.31189,70.3,70.1,38.51038,18.608060000000002,31.9,32.3
-O1SKdXfc9HYWu79hx17,419.31189,419.31189,70.3,70.2,38.51038,18.48596,31.9,32.3
-O1SKpvowHoDyf0yPdul,419.31189,419.31189,70.3,70.1,38.51038,18.5348,31.9,32.3
-O1SL3wP-kxlOA3R7Oo3,419.31189,419.31189,70.3,70.0,38.51038,18.73016,31.9,32.4
-O1SLH82LjlJYRWTmBwX,419.31189,419.31189,70.3,69.9,38.51038,18.63248,31.9,32.4
-O1SLUwkvEyPhhEsHk-6,419.31189,419.31189,70.3,69.9,38.51038,18.58364,31.9,32.4
-O1SLgjasyT2CSYh-So6,419.31189,419.31189,70.3,69.9,38.51038,18.608060000000002,31.9,32.4
-O1SLvwxZhec-0_lYO7_,419.31189,419.31189,70.3,69.9,38.51038,18.68132,31.9,32.4
-O1SM6ZUrp-s_uOzlC3C,419.31189,419.31189,70.3,70.0,38.51038,18.63248,31.9,32.4
-O1SMKYLqRd0_8-ummDK,419.31189,419.31189,70.3,69.9,38.51038,18.608060000000002,31.9,32.4
-O1SMaXi0f-ViP65Zceb,419.31189,419.31189,70.3,69.9,38.51038,18.51038,31.9,32.4
-O1SMlYup00VhX9SiYrv,419.31189,419.31189,70.3,70.0,38.51038,18.63248,31.9,32.4
-O1SMyYsFSvodbGii9vy,419.31189,419.31189,70.3,70.1,38.51038,18.51038,31.9,32.4
-O1SNBXRCNOaaXBBEtgq,419.31189,419.31189,70.3,70.0,38.51038,18.5348,31.9,32.4
-O1SNQ7_wGun6AfZjc-k,419.31189,419.31189,70.3,69.9,38.51038,18.58364,31.9,32.4
-O1SNbwZWNoc4K9-A8sz,419.31189,419.31189,70.3,69.8,38.51038,18.48596,31.9,32.5
-O1SNpLBYmNCDH7cfpIh,419.31189,419.31189,70.3,69.9,38.51038,18.63248,31.9,32.4
-O1SO28NCOwgspKXcTbE,419.31189,419.31189,70.3,69.9,38.51038,18.43712,31.9,32.4
-O1SOHjRbUn4HDuMlPaj,419.31189,419.31189,70.3,70.0,38.51038,18.779,31.9,32.4
-O1SOTLLTSF7st5DXQks,419.31189,419.31189,70.3,69.9,38.51038,18.63248,31.9,32.4
-O1SOfx9bgk23Repl8KT,419.31189,419.31189,70.3,69.8,38.51038,18.51038,31.9,32.5
-O1SOus8xQekKyqxW4cM,419.31189,419.31189,70.3,69.9,38.51038,18.70574,31.9,32.4
-O1SP6YNBUOckR-3Stmz,419.31189,419.31189,70.3,70.0,38.51038,18.51038,31.9,32.4
-O1SPK7g86cmSvIPlUEX,419.31189,419.31189,70.3,69.9,38.51038,18.608060000000002,31.9,32.4
-O1SPXLrRsVeEItpCdyw,419.31189,419.31189,70.3,69.9,38.51038,18.73016,31.9,32.4
-O1SPkjuYV_K2DS7Dlt0,419.31189,419.31189,70.3,70.0,38.51038,18.70574,31.9,32.4
-O1SQ07s6vd8z2lZM5jp,419.31189,419.31189,70.3,69.9,38.51038,18.70574,31.9,32.5
-O1SQAw98V9QWqTH0xvq,419.31189,419.31189,70.3,69.8,38.51038,18.5348,31.9,32.5
-O1SQOY2opvolryF4dru,419.31189,419.31189,70.3,69.8,38.51038,18.608060000000002,31.9,32.4
-O1SQaw5-92YvC4pycQ2,419.31189,419.31189,70.3,69.9,38.51038,18.779,31.9,32.4
-O1SQpwp66LbJI8o2vTb,419.31189,419.31189,70.3,70.0,38.51038,18.6569,31.9,32.4
-O1SR1XoJejQlBdoOadZ,419.31189,419.31189,70.3,70.1,38.51038,18.75458,31.9,32.3
-O1SRF926EfkIt-8DXSM,419.31189,419.31189,70.3,70.2,38.51038,18.63248,31.9,32.3
-O1SRSwVvm6TKvev0Rl8,419.31189,419.31189,70.3,70.1,38.51038,18.63248,31.9,32.3
-O1SRfwOiR3EQJTxASHp,419.31189,419.31189,70.3,70.0,38.51038,18.608060000000002,31.9,32.4
-O1SRtJCFAtAvseVBjX7,419.31189,419.31189,70.3,70.0,38.51038,18.608060000000002,31.9,32.4
-O1SS5YJiALt85_hGsv5,419.31189,419.31189,70.3,69.9,38.51038,18.70574,31.9,32.4
-O1SSJHO3UY9L1jBGqWV,419.31189,419.31189,70.3,69.9,38.51038,18.70574,31.9,32.4
-O1SSXwlaEVvc7etsNbI,419.31189,419.31189,70.3,69.8,38.51038,18.608060000000002,31.9,32.4
-O1SSjwAqCMuJaG3QXTB,419.31189,419.31189,70.3,70.0,38.51038,18.608060000000002,31.9,32.4
-O1SSxKlMHTw-YYULwSV,419.31189,419.31189,70.3,70.0,38.51038,18.63248,31.9,32.4
-O1STAXpXv9uJoYU3r1X,419.31189,419.31189,70.3,70.0,38.51038,18.75458,31.9,32.4
-O1STNwdzqQ2UgjSctcx,419.31189,419.31189,70.3,70.0,38.51038,18.68132,31.9,32.3
-O1STak4dyEq6gB30Nyk,419.31189,419.31189,70.3,70.1,38.51038,18.75458,31.9,32.3
-O1STox093Bo5mlSEEYi,419.31189,419.31189,70.3,70.0,38.51038,18.75458,31.9,32.4
-O1SU193l9feXCjbWsfe,419.31189,419.31189,70.3,70.0,38.51038,18.6569,31.9,32.4
-O1SUG88Fj0CU1NHirh8,419.31189,419.31189,70.3,70.1,38.51038,18.58364,31.9,32.4
-O1SUSLO946LgsprYdDY,419.31189,419.31189,70.3,70.0,38.51038,18.82784,31.9,32.4
-O1SUfKiNLl7ZFJSulr_,419.31189,419.31189,70.3,70.0,38.51038,18.80342,31.9,32.4
-O1SUsyPK0s6pHDeLLBz,419.31189,419.31189,70.3,70.1,38.51038,18.608060000000002,31.9,32.3
-O1SV5Xoo00duETFFUnL,419.31189,419.31189,70.3,70.1,38.51038,18.68132,31.9,32.3
-O1SVJ9YmsNnby5wGLzh,419.31189,419.31189,70.3,70.2,38.51038,18.73016,31.9,32.3
-O1SVWy7hEIvHyswmeAM,419.31189,419.31189,70.3,70.1,38.51038,18.608060000000002,31.9,32.3
-O1SVjAFcnk7OoamULrj,419.31189,419.31189,70.3,70.1,38.51038,18.80342,31.9,32.3
-O1SVy8tRhXYqGJZ_Xbm,419.31189,419.31189,70.3,70.3,38.51038,18.68132,31.9,32.3
-O1SWAXlBOjjKB_SJMOD,419.31189,419.31189,70.3,70.2,38.51038,18.82784,31.9,32.3
-O1SWN9MoLIBNo6QQLGu,419.31189,419.31189,70.3,70.2,38.51038,18.75458,31.9,32.3
-O1SWaYxfYsNIqp9Y_5S,419.31189,419.31189,70.3,70.4,38.51038,18.73016,31.9,32.2
-O1SWo8ZYiKg1pLM-AMW,419.31189,419.31189,70.3,70.4,38.51038,18.63248,31.9,32.3
-O1SX087ESIV89ZW2hqj,419.31189,419.31189,70.3,70.3,38.51038,18.70574,31.9,32.3
-O1SXE8w9ke8kgeUn7xi,419.31189,419.31189,70.3,70.3,38.51038,18.63248,31.9,32.3
-O1SXRkNyVNdCtrSitwI,419.31189,419.31189,70.3,70.4,38.51038,18.608060000000002,31.9,32.3
-O1SXfXrK7a8Mk9Frt16,419.31189,419.31189,70.3,70.4,38.51038,18.73016,31.9,32.3
-O1SXs8ZZSx-Bbh7F9tH,419.31189,419.31189,70.3,70.4,38.51038,18.779,31.9,32.3
-O1SY4wnO3ga5aUkndOv,419.31189,419.31189,70.3,70.3,38.51038,18.70574,31.9,32.3
-O1SYJ8Hs0MoyTH7rEBT,419.31189,419.31189,70.3,70.3,38.51038,18.75458,31.9,32.3
-O1SYWH2yDptWke0EGfk,419.31189,419.31189,70.3,70.2,38.51038,18.70574,31.9,32.3
-O1SYikokYkXC_cGMr07,419.31189,419.31189,70.3,70.2,38.51038,18.58364,31.9,32.3
-O1SYyM6usr-0Gy0mFP_,419.31189,419.31189,70.3,70.2,38.51038,18.73016,31.9,32.3
-O1SZ8wOXrp8zyPG5unV,419.31189,419.31189,70.3,70.2,38.51038,18.58364,31.9,32.3
-O1SZNLiGQFaL2l2ccnh,419.31189,419.31189,70.3,70.1,38.51038,18.73016,31.9,32.3
-O1SZ_kWI8seLmH-uTz5,419.31189,419.31189,70.3,70.2,38.51038,18.43712,31.9,32.3
-O1SZmftllZJPbqeHLX2,419.31189,419.31189,70.3,70.2,38.51038,18.73016,31.9,32.3
-O1S_0DA_6n9W-an7L19,419.31189,419.31189,70.3,70.1,38.51038,18.68132,31.9,32.3
-O1S_F915kw7xrkC64X7,419.31189,419.31189,70.3,70.1,38.51038,18.608060000000002,31.9,32.3
-O1S_RYPLKLhyahbHY5Y,419.31189,419.31189,70.3,70.2,38.51038,18.608060000000002,31.9,32.3
-O1S_djeaZBK3xmUrnsi,419.31189,419.31189,70.3,70.0,38.51038,18.70574,31.9,32.4
-O1S_s9F4pJQ_KILQEGk,419.31189,419.31189,70.3,70.0,38.51038,18.70574,31.9,32.3
-O1Sa4wXoUlUbMsfBERK,419.31189,419.31189,70.3,69.9,38.51038,18.9011,31.9,32.4
-O1SaIYTcew38lAB5y2s,419.31189,419.31189,70.3,70.1,38.51038,18.63248,31.9,32.3
-O1SaVLqBY5Rh3MWanVW,419.31189,419.31189,70.3,70.2,38.51038,18.48596,31.9,32.3
-O1Sai8XGT9q8OwRuo6R,419.31189,419.31189,70.3,70.2,38.51038,18.75458,31.9,32.3
-O1SawkVJYH9C8YXZKeZ,419.31189,419.31189,70.3,70.2,38.51038,18.73016,31.9,32.3
-O1Sb8ZQk4EOr6C2wMEs,419.31189,419.31189,70.3,70.3,38.51038,18.63248,31.9,32.3
-O1SbMMcwJjX9Iup5dBK,419.31189,419.31189,70.3,70.1,38.51038,18.85226,31.9,32.4
-O1Sb_kWdvGQWDErERe9,419.31189,419.31189,70.3,70.0,38.51038,18.608060000000002,31.9,32.4
-O1SbokKh17WoCO0Jceo,419.31189,419.31189,70.3,70.1,38.51038,18.73016,31.9,32.4
-O1Sc-9Ql-HcClr4KQMv,419.31189,419.31189,70.3,70.1,38.51038,18.75458,31.9,32.3
-O1ScDLKk_5NwEC-hBh1,419.31189,419.31189,70.3,70.3,38.51038,18.608060000000002,31.9,32.3
-O1ScQL7edEqR0YSxGr4,419.31189,419.31189,70.3,70.2,38.51038,18.80342,31.9,32.3
-O1ScekCui-R5YBvA6ma,419.31189,419.31189,70.3,70.2,38.51038,18.63248,31.9,32.3
-O1ScrM0z3OTEpyJwvq8,419.31189,419.31189,70.3,70.3,38.51038,18.779,31.9,32.3
-O1Sd3Ytb3991M6m8odK,419.31189,419.31189,70.3,70.1,38.51038,18.75458,31.9,32.4
-O1SdI94QXk2XCwYU5__,419.31189,419.31189,70.3,70.2,38.51038,18.75458,31.9,32.3
-O1SdVxe2VEcflRsQ-TG,419.31189,419.31189,70.3,70.1,38.51038,18.75458,31.9,32.4
-O1SdhM2ph3A2s8WUstw,419.31189,419.31189,70.3,70.1,38.51038,18.68132,31.9,32.4
-O1SdvMGQ-L21CkPFM2T,419.31189,419.31189,70.3,70.2,38.51038,18.608060000000002,31.9,32.4
-O1Se7Lk2TGAd8PMnDAB,419.31189,419.31189,70.3,70.2,38.51038,18.70574,31.9,32.3
-O1SeNLLuTGTpWejDsjF,419.31189,419.31189,70.3,70.3,38.51038,18.75458,31.9,32.3
-O1SeYyr3dR9LBNxA5GX,419.31189,419.31189,70.3,70.2,38.51038,18.70574,31.9,32.3
-O1Sem8delB6wadzG_ec,419.31189,419.31189,70.3,70.1,38.51038,18.779,31.9,32.4
-O1Sf1LC2L5aqbVjBDXv,419.31189,419.31189,70.3,70.2,38.51038,18.779,31.9,32.3
-O1SfCYZ584TGv9OtkBD,419.31189,419.31189,70.3,70.2,38.51038,18.68132,31.9,32.4
-O1SfQkftS0frhaLwaR3,419.31189,419.31189,70.3,70.1,38.51038,18.63248,31.9,32.4
-O1SfcYhIIwRk4MhGxFG,419.31189,419.31189,70.3,70.2,38.51038,18.75458,31.9,32.3
-O1SfrYXT_AqtPjWgn6P,419.31189,419.31189,70.3,70.3,38.51038,18.73016,31.9,32.3
-O1Sg2jiaeBxuFOyetEn,419.31189,419.31189,70.3,70.4,38.51038,18.70574,31.9,32.3
-O1SgGYH5oEMLaxUOAFY,419.31189,419.31189,70.3,70.4,38.51038,18.75458,31.9,32.3
-O1SgU8eOeGAvbfIQ7Cs,419.31189,419.31189,70.3,70.4,38.51038,18.70574,31.9,32.3
-O1SghMBiBWvPCu9E8-8,419.31189,419.31189,70.3,70.5,38.51038,18.73016,31.9,32.3
-O1SguYgOFDDq6Na4hXI,419.31189,419.31189,70.3,70.6,38.51038,18.38828,31.9,32.3
-O1Sh88Qd2QlZI7cM0rF,419.31189,419.31189,70.3,70.7,38.51038,18.68132,31.9,32.2
-O1ShKjxHHVYF5A7q312,419.31189,419.31189,70.3,70.6,38.51038,18.75458,31.9,32.3
-O1ShZx2Kg5BbaMRA3Sg,419.31189,419.31189,70.3,70.5,38.51038,18.68132,31.9,32.3
-O1Shl8f2BoRlCFXv1bX,419.31189,419.31189,70.3,70.5,38.51038,18.75458,31.9,32.3
-O1ShzBFUFE8m-3HkMaN,419.31189,419.31189,70.3,70.5,38.51038,18.63248,31.9,32.3
-O1SiCIWcJ0qjIM0lZHp,419.31189,419.31189,70.3,70.6,38.51038,18.75458,31.9,32.3
-O1SiQ9Owh1n2TPVSss3,419.31189,419.31189,70.3,70.7,38.51038,18.73016,31.9,32.3
-O1Sibwxg0VjFadtobo8,419.31189,419.31189,70.3,70.6,38.51038,18.73016,31.9,32.2
-O1Sipl_tMoTBoI_--7i,419.31189,419.31189,70.3,70.6,38.51038,18.70574,31.9,32.3
-O1Sj2ynNebeJiHnxfcb,419.31189,419.31189,70.3,70.6,38.51038,18.68132,31.9,32.3
-O1SjGkSFB4imVwHtvko,419.31189,419.31189,70.3,70.5,38.51038,18.80342,31.9,32.3
-O1SjT9IcysWZyvX5JL8,419.31189,419.31189,70.3,70.3,38.51038,18.779,31.9,32.3
-O1Sjg8emXsvqkXPHKhN,419.31189,419.31189,70.3,70.2,38.51038,18.70574,31.9,32.4
-O1SjukE4_b4RqPJjpy5,419.31189,419.31189,70.3,70.3,38.51038,18.63248,31.9,32.3
-O1Sk99g_o8npQe0hlCV,419.31189,419.31189,70.3,70.4,38.51038,18.68132,31.9,32.3
-O1SkK8l05RC7G7rNKbs,419.31189,419.31189,70.3,70.4,38.51038,18.63248,31.9,32.3
-O1SkXk7WT4-NuX3Myhv,419.31189,419.31189,70.3,70.6,38.51038,18.6569,31.9,32.2
-O1SkklFP-rUrCgW1RMN,419.31189,419.31189,70.3,70.9,38.51038,18.70574,31.9,32.1
-O1SkzZhSHEQ43eA1xhB,419.31189,419.31189,70.3,71.1,38.51038,18.73016,31.9,32.1
-O1SlBkhgR-cR0z6lvIS,419.31189,419.31189,70.3,71.0,38.51038,18.58364,31.9,32.2
-O1SlOYAto9kFQqhgApp,419.31189,419.31189,70.3,70.8,38.51038,18.779,31.9,32.2
-O1SlayfDVd156LNt7d9,419.31189,419.31189,70.3,70.5,38.51038,18.82784,31.9,32.2
-O1SlrA92mEqr9dRLWn2,419.31189,419.31189,70.3,70.5,38.51038,18.87668,31.9,32.3
-O1Sm29tXvXPQahr7RkS,419.31189,419.31189,70.3,70.5,38.51038,18.779,31.9,32.3
-O1SmFkT0dtP1tKUUNJL,419.31189,419.31189,70.3,70.5,38.51038,18.63248,31.9,32.2
-O1SmSYgydY79jKESRSj,419.31189,419.31189,70.3,70.6,38.51038,18.75458,31.9,32.2
-O1Smg9450sw3I51HOpy,419.31189,419.31189,70.3,70.6,38.51038,18.82784,31.9,32.2
-O1Smt9oiOEY8GN-qW1_,419.31189,419.31189,70.3,70.6,38.51038,18.63248,31.9,32.2
-O1Sn5YZb0DH-YgzQW_K,419.31189,419.31189,70.3,70.5,38.51038,18.68132,31.9,32.2
-O1SnJkOizxeswa0-CQX,419.31189,419.31189,70.3,70.5,38.51038,18.779,31.9,32.2
-O1SnXkQJM3fxqxl7XGT,419.31189,419.31189,70.3,70.5,38.51038,18.73016,31.9,32.2
-O1SnjkIlEPKB0WSzumN,419.31189,419.31189,70.3,70.4,38.51038,18.779,31.9,32.2
-O1SnxlMmPHcOR5C8Ilm,419.31189,419.31189,70.3,70.5,38.51038,18.68132,31.9,32.2
-O1SoA_4r5VMivMKu9CE,419.31189,419.31189,70.3,70.2,38.51038,18.63248,31.9,32.2
-O1SoQxUObBYHA-iTFmo,419.31189,419.31189,70.3,70.0,38.51038,18.608060000000002,31.9,32.2
-O1Sob9FiunlAPJTktKs,419.31189,419.31189,70.3,70.2,38.51038,18.51038,31.9,32.2
-O1Sop_UG3re84khBbmR,419.31189,419.31189,70.3,70.2,38.51038,18.6569,31.9,32.2
-O1Sp19ygLADKjFrY-lm,419.31189,419.31189,70.3,70.3,38.51038,18.73016,31.9,32.2
-O1SpGYrCj6JYjFq5a-_,419.31189,419.31189,70.3,70.1,38.51038,18.75458,31.9,32.2
-O1SpSZi7XF-F0fKcgd7,419.31189,419.31189,70.3,70.2,38.51038,18.63248,31.9,32.2
-O1SpfA6qsE-UfF4THTj,419.31189,419.31189,70.3,70.2,38.51038,18.70574,31.9,32.1
-O1Spsl9WHRkMHoW-Y6d,419.31189,419.31189,70.3,70.3,38.51038,18.63248,31.9,32.1
-O1Sq6McmnAN9mLQ-YIZ,419.31189,419.31189,70.3,70.3,38.51038,18.75458,31.9,32.1
-O1SqIx87YDenf4muYPH,419.31189,419.31189,70.3,70.2,38.51038,18.68132,31.9,32.1
-O1SqX1CtCg7eGUkZ4PF,419.31189,419.31189,70.3,69.9,38.51038,18.75458,31.9,32.1
-O1SqjZM-ZI4ZBoNvumO,419.31189,419.31189,70.3,69.9,38.51038,18.68132,31.9,32.1
-O1SqxkZqf_JWlqGOxM-,419.31189,419.31189,70.3,70.0,38.51038,18.73016,31.9,32.1
-O1Sr9lTnoAgL-cEQke8,419.31189,419.31189,70.3,70.2,38.51038,18.80342,31.9,32.1
-O1SrN9sMTXxetUiEtgL,419.31189,419.31189,70.3,70.1,38.51038,18.63248,31.9,32.1
-O1Sr_xUzMz4wLpuAD4J,419.31189,419.31189,70.3,69.9,38.51038,18.6569,31.9,32.1
-O1SroZ7rJvyDfVIO0dI,419.31189,419.31189,70.3,70.0,38.51038,18.82784,31.9,32.1
-O1Ss0Mx6J_j3TM6xdxg,419.31189,419.31189,70.3,69.9,38.51038,18.51038,31.9,32.1
-O1SsEO9NBMhzqXq5jMg,419.31189,419.31189,70.3,69.7,38.51038,18.6569,31.9,32.1
-O1SsRlEYDCfBrS3Iqqy,419.31189,419.31189,70.3,69.7,38.51038,18.779,31.9,32.1
-O1Ssf9TO6LmAGcHzklo,419.31189,419.31189,70.3,69.8,38.51038,18.70574,31.9,32.1
-O1SsrxPk3KKNm7ypeIB,419.31189,419.31189,70.3,69.6,38.51038,18.70574,31.9,32.1
-O1St4y8YrBpJObcVv_g,419.31189,419.31189,70.3,69.8,38.51038,18.68132,31.9,32.1
-O1StIM53hFtp_IkIJyj,419.31189,419.31189,70.3,69.7,38.51038,18.75458,31.9,32.1
-O1StXMRWQCxe8aM_GYL,419.31189,419.31189,70.3,69.7,38.51038,18.68132,31.9,32.1
-O1StilKQ6N_4XavROvU,419.31189,419.31189,70.3,69.7,38.51038,18.68132,31.9,32.0
-O1Stx9ZYkEKRIuf9_Q-,419.31189,419.31189,70.3,69.7,38.51038,18.63248,31.9,32.1
-O1SuA9Y8eMd8mPA70Wf,419.31189,419.31189,70.3,69.7,38.51038,18.70574,31.9,32.1
-O1SuNl0d1atGy4scfVu,419.31189,419.31189,70.3,69.6,38.51038,18.779,31.9,32.1
-O1Su_MSj-9nP054-l-Y,419.31189,419.31189,70.3,69.5,38.51038,18.70574,31.9,32.1
-O1Sumy-fioUeVdfPiZy,419.31189,419.31189,70.3,69.4,38.51038,18.58364,31.9,32.1
-O1Sv0ydUqkYMWM8TM11,419.31189,419.31189,70.3,69.2,38.51038,18.68132,31.9,32.1
-O1SvDy8m8OQFjB2SxQf,419.31189,419.31189,70.3,69.3,38.51038,18.75458,31.9,32.1
-O1SvQxZ6bDzIEbUWvMx,419.31189,419.31189,70.3,69.4,38.51038,18.779,31.9,32.1
-O1SveA4wk16p9GHOYQK,419.31189,419.31189,70.3,69.2,38.51038,18.75458,31.9,32.1
-O1SvrLr-wNbd2NGMPOH,419.31189,419.31189,70.3,69.1,38.51038,18.75458,31.9,32.1
-O1Sw59hOVE-om_UZYVv,419.31189,419.31189,70.3,69.2,38.51038,18.779,31.9,32.1
-O1SwHykLsEkywZWghjy,419.31189,419.31189,70.3,68.9,38.51038,18.779,31.9,32.1
-O1SwVM6BcJQIQRdunt6,419.31189,419.31189,70.3,68.9,38.51038,18.63248,31.9,32.1
-O1SwhxI0O59M2QHjPPk,419.31189,419.31189,70.3,69.0,38.51038,18.75458,31.9,32.0
-O1Swwl83U6ZFPjg187B,419.31189,419.31189,70.3,69.3,38.51038,18.75458,31.9,32.0
-O1Sx8kpGf18AdjP0yN0,419.31189,419.31189,70.3,69.2,38.51038,18.75458,31.9,32.0
-O1SxM9wRSVF6_asXTcs,419.31189,419.31189,70.3,69.1,38.51038,18.6569,31.9,32.1
-O1SxZkrLtlxY5Bf-1zy,419.31189,419.31189,70.3,69.0,38.51038,18.75458,31.9,32.1
-O1SxnZPuynJAl5OLScR,419.31189,419.31189,70.3,68.9,38.51038,18.73016,31.9,32.1
-O1Sy-x_3ePKr46DG4sP,419.31189,419.31189,70.3,68.8,38.51038,18.779,31.9,32.1
-O1SyD9R4bbSfCXrHiwe,419.31189,419.31189,70.3,68.7,38.51038,18.68132,31.9,32.1
-O1SyQy4rn2g7hQ5-DMP,419.31189,419.31189,70.3,68.6,38.51038,18.68132,31.9,32.1
-O1SydmKaIUAaCVN5w91,419.31189,419.31189,70.3,68.6,38.51038,18.63248,31.9,32.1
-O1SyrMxUI08DQLYG4Al,419.31189,419.31189,70.3,68.7,38.51038,18.779,31.9,32.1
-O1Sz49lxum3MSx0UMsS,419.31189,419.31189,70.3,68.6,38.51038,18.73016,31.9,32.1
-O1SzHxvo968nXfpy4Ah,419.31189,419.31189,70.3,68.4,38.51038,18.82784,31.9,32.0
-O1SzXyPgZINoUKmQHCz,419.31189,419.31189,70.3,68.9,38.51038,18.70574,31.9,32.0
-O1Szi9UxVVVcqPeeKmj,419.31189,419.31189,70.3,68.8,38.51038,18.73016,31.9,32.0
-O1Szuy3sneibhTjpv8B,419.31189,419.31189,70.3,68.7,38.51038,18.75458,31.9,32.0
-O1T-7kp8_ru-uuYZYar,419.31189,419.31189,70.3,68.8,38.51038,18.68132,31.9,32.0
-O1T-MNyB7bKSiRF-Ow1,419.31189,419.31189,70.3,68.6,38.51038,18.68132,31.9,32.0
-O1T-ZlVm800O3e6hKzr,419.31189,419.31189,70.3,68.5,38.51038,18.68132,31.9,32.0
-O1T-lyuqmoRYF6C5aOE,419.31189,419.31189,70.3,68.4,38.51038,18.80342,31.9,32.0
-O1T-zZ8bu6RSoSs1eGz,419.31189,419.31189,70.3,68.5,38.51038,18.75458,31.9,32.0
-O1T0D9xrcPb0nLlomXH,419.31189,419.31189,70.3,68.3,38.51038,18.87668,31.9,32.0
-O1T0Pl2VwVPH4vTNqFh,419.31189,419.31189,70.3,68.4,38.51038,18.73016,31.9,32.0
-O1T0cZCkL2lFpF5CGJD,419.31189,419.31189,70.3,68.4,38.51038,18.70574,31.9,32.0
-O1T0qA02FZsSSkXUv6U,419.31189,419.31189,70.3,67.9,38.51038,18.779,31.9,32.1
-O1T13yQPME1kMMTpyNF,419.31189,419.31189,70.3,68.1,38.51038,18.85226,31.9,32.0
-O1T1HALjOB3WVDrwjlP,419.31189,419.31189,70.3,68.0,38.51038,18.58364,31.9,32.0
-O1T1VABFjtQaTc1Yfek,419.31189,419.31189,70.3,68.0,38.51038,18.73016,31.9,32.1
-O1T1hlrbdT-9uTPAD9c,419.31189,419.31189,70.3,68.0,38.51038,18.75458,31.9,32.1
-O1T1vxpuO0LTCrETqLW,419.31189,419.31189,70.3,67.9,38.51038,18.779,31.9,32.1
-O1T279dP_OsxS1_x2u4,419.31189,419.31189,70.3,68.0,38.51038,18.63248,31.9,32.0
-O1T2LBBHtpQnk4iylaG,419.31189,419.31189,70.3,68.1,38.51038,18.779,31.9,32.0
-O1T2Y_Rw0PgxpcUloST,419.31189,419.31189,70.3,68.1,38.51038,18.85226,31.9,32.1
-O1T2mNWIwvM94ecTEUD,419.31189,419.31189,70.3,67.9,38.51038,18.87668,31.9,32.1
-O1T2yyYbpS10HCBAJe_,419.31189,419.31189,70.3,68.0,38.51038,18.80342,31.9,32.1
-O1T3CF0oP4H6ZB__SuH,419.31189,419.31189,70.3,68.0,38.51038,18.75458,31.9,32.0
-O1T3RnwgKQm-9F-DVQp,419.31189,419.31189,70.3,68.2,38.51038,18.75458,31.9,32.0
-O1T3clcwI0F2ZBiAS50,419.31189,419.31189,70.3,68.0,38.51038,18.51038,31.9,32.0
-O1T3pZpd-jS3GywMJdt,419.31189,419.31189,70.3,68.0,38.51038,18.63248,31.9,32.0
-O1T42N0qK43a2JJnvhL,419.31189,419.31189,70.3,68.0,38.51038,18.75458,31.9,32.0
-O1T4HliVJdZC3blmYnY,419.31189,419.31189,70.3,67.8,38.51038,18.75458,31.9,32.0
-O1T4Vy8FQOfhlZ3-FLV,419.31189,419.31189,70.3,67.8,38.51038,18.73016,31.9,32.0
-O1T4gMkQVEpYQpwbdGg,419.31189,419.31189,70.3,68.0,38.51038,18.68132,31.9,32.0
-O1T4uBOiItr1Q5boJjP,419.31189,419.31189,70.3,67.8,38.51038,18.73016,31.9,32.0
-O1T58-BVba4Re7sRSAW,419.31189,419.31189,70.3,67.8,38.51038,18.82784,31.9,32.0
-O1T5KAUGgdryFfC8enL,419.31189,419.31189,70.3,67.9,38.51038,18.68132,31.9,32.0
-O1T5YTklYAoSw93mrB5,419.31189,419.31189,70.3,67.8,38.51038,18.68132,31.9,32.0
-O1T5kzUdvdOCC7RPIyw,419.31189,419.31189,70.3,67.6,38.51038,18.70574,31.9,32.0
-O1T5zkFGgRT6gxKR-_7,419.31189,419.31189,70.3,67.7,38.51038,18.608060000000002,31.9,32.0
-O1T6AymbDSkonBhGVPy,419.31189,419.31189,70.3,67.7,38.51038,18.75458,31.9,32.0
-O1T6OmVMjEenIZn37-M,419.31189,419.31189,70.3,67.7,38.51038,18.68132,31.9,32.0
-O1T6bzNASdrbb94WuYg,419.31189,419.31189,70.3,67.7,38.51038,18.70574,31.9,32.0
-O1T6qlCMQ7LHfcwE0tf,419.31189,419.31189,70.3,67.8,38.51038,18.75458,31.9,32.0
-O1T71loG9LD_FgqMVtH,419.31189,419.31189,70.3,67.9,38.51038,18.779,31.9,31.9
-O1T7Fxwfbz_B9S1bN3E,419.31189,419.31189,70.3,68.0,38.51038,18.68132,31.9,31.9
-O1T7TaBZJMgmYa6DO_K,419.31189,419.31189,70.3,68.1,38.51038,18.75458,31.9,31.9
-O1T7hMjKOzgnLy-uyWd,419.31189,419.31189,70.3,68.1,38.51038,18.75458,31.9,31.9
-O1T7tNRzTdlRH7LeNmd,419.31189,419.31189,70.3,68.0,38.51038,18.70574,31.9,31.9
-O1T86zWY2YvC4lv2gPd,419.31189,419.31189,70.3,68.1,38.51038,18.68132,31.9,31.8
-O1T8K6v0GqHTPg4fX8C,419.31189,419.31189,70.3,68.2,38.51038,18.87668,31.9,31.8
-O1T8YZBi-s24pTljXHs,419.31189,419.31189,70.3,68.2,38.51038,18.63248,31.9,31.8
-O1T8k9skEj1trFv9Mfs,419.31189,419.31189,70.3,68.2,38.51038,18.75458,31.9,31.8
-O1T8yMgjm_YXyJLf267,419.31189,419.31189,70.3,68.4,38.51038,18.43712,31.9,31.8
-O1T9AO38_iJZBT3-m-Z,419.31189,419.31189,70.3,68.4,38.51038,18.63248,31.9,31.8
-O1T9PC45oLyq1OdJztW,419.31189,419.31189,70.3,68.5,38.51038,18.92552,31.9,31.8
-O1T9bzz9yAjMn3WVJkx,419.31189,419.31189,70.3,68.4,38.51038,18.82784,31.9,31.8
-O1T9pNnhpxax1qjqB_l,419.31189,419.31189,70.3,68.4,38.51038,18.73016,31.9,31.8
-O1TA1_LITV_UNR9eHvA,419.31189,419.31189,70.3,68.5,38.51038,18.80342,31.9,31.7
-O1TAHZSishAmEyGVDx6,419.31189,419.31189,70.3,68.6,38.51038,18.85226,31.9,31.7
-O1TAT9oIVuoIBC8Ue9Q,419.31189,419.31189,70.3,68.6,38.51038,18.80342,31.9,31.7
-O1TAff3TGTNZ21C3-_V,419.31189,419.31189,70.3,68.5,38.51038,18.63248,31.9,31.8
-O1TAsm95CQ-wEAtohb5,419.31189,419.31189,70.3,68.5,38.51038,18.73016,31.9,31.8
-O1TB7A715M9T_4dAkhz,419.31189,419.31189,70.3,68.4,38.51038,18.80342,31.9,31.8
-O1TBJAip-mHkOJzZECa,419.31189,419.31189,70.3,68.4,38.51038,18.70574,31.9,31.8
-O1TBXzktg_LIgfuUNTJ,419.31189,419.31189,70.3,68.4,38.51038,18.70574,31.9,31.8
-O1TBkNWT5PMVWkBVnFR,419.31189,419.31189,70.3,68.3,38.51038,18.779,31.9,31.8
-O1TBzz6ZEGpQ-hL-Xv4,419.31189,419.31189,70.3,68.3,38.51038,18.608060000000002,31.9,31.8
-O1TCAZvNg24DVZU4MeE,419.31189,419.31189,70.3,68.3,38.51038,18.85226,31.9,31.8
-O1TCPMzKlX31mjUtcng,419.31189,419.31189,70.3,68.3,38.51038,18.87668,31.9,31.8
-O1TCaz-7xf4jdr6GU0_,419.31189,419.31189,70.3,68.3,38.51038,18.70574,31.9,31.8
-O1TComTRcjaDipRVUTq,419.31189,419.31189,70.3,68.3,38.51038,18.779,31.9,31.8
-O1TD0nECUfnwR3GL9Ob,419.31189,419.31189,70.3,68.2,38.51038,18.80342,31.9,31.8
-O1TDEyd5QZVzCRfCGWk,419.31189,419.31189,70.3,68.2,38.51038,18.73016,31.9,31.8
-O1TDSNO4A5B_nf9pija,419.31189,419.31189,70.3,68.1,38.51038,18.70574,31.9,31.8
-O1TDey7EQgy4S1bjqiX,419.31189,419.31189,70.3,68.2,38.51038,23.83394,31.9,31.8
-O1TDsmUoAYTsjeecIyG,419.31189,419.31189,70.3,68.3,38.51038,23.88278,31.9,31.8
-O1TE4lndyk7NdkVdUfI,419.31189,419.31189,70.3,68.3,38.51038,23.71184,31.9,31.8
-O1TEInfyLa49efT0S5p,419.31189,419.31189,70.3,68.3,38.51038,23.83394,31.9,31.8
-O1TEXbHFa1vcNzjI9OR,419.31189,419.31189,70.3,68.1,38.51038,23.83394,31.9,31.8
-O1TEiloC-52SqN5OE6n,419.31189,419.31189,70.3,68.0,38.51038,23.80952,31.9,31.8
-O1TEx9y3ExA_j7TpP7I,419.31189,419.31189,70.3,68.1,38.51038,23.68742,31.9,31.8
-O1TF9k3mWQTupprVC0T,419.31189,419.31189,70.3,68.1,38.51038,23.58974,31.9,31.8
-O1TFONquv03_sk_BQuz,419.31189,419.31189,70.3,68.0,38.51038,23.71184,31.9,31.8
-O1TF_N0Ra5ISg0OaCUt,419.31189,419.31189,70.3,68.1,38.51038,23.80952,31.9,31.8
-O1TFnyCHcrJdUsoesa8,419.31189,419.31189,70.3,68.1,38.51038,23.83394,31.9,31.8
-O1TG0yUfqrdAxPZZOkl,419.31189,419.31189,70.3,68.1,38.51038,23.76068,31.9,31.8
-O1TGEAYdoLLTUpSeQt4,419.31189,419.31189,70.3,68.1,38.51038,23.61416,31.9,31.8
-O1TGRmAyxENA6wfRZIz,419.31189,419.31189,70.3,68.0,38.51038,23.83394,31.9,31.8
-O1TGeAasB8NbUmHQugg,419.31189,419.31189,70.3,67.9,38.51038,23.58974,31.9,31.8
-O1TGrv4MGFuxTbcIj9L,419.31189,419.31189,70.3,68.0,38.51038,23.71184,31.9,31.9
-O1TH6BGYu_FmFV0yd7j,419.31189,419.31189,70.3,67.7,38.51038,23.76068,31.9,31.9
-O1THJNMkJrOYmyEQ7lS,419.31189,419.31189,70.3,67.8,38.51038,23.83394,31.9,31.9
-O1THVz49WT8i_HQqpz6,419.31189,419.31189,70.3,67.7,38.51038,23.68742,31.9,31.9
-O1THiyxoIZj8ECiJv5N,419.31189,419.31189,70.3,67.7,38.51038,23.73626,31.9,31.9
-O1THwyrBKz4G60o0CXX,419.31189,419.31189,70.3,67.8,38.51038,23.663,31.9,31.9
-O1TI8z-M5pMHbksDyOr,419.31189,419.31189,70.3,67.8,38.51038,23.80952,31.9,31.9
-O1TIMz5ypwiLJ0CJFjt,419.31189,419.31189,70.3,67.9,38.51038,23.71184,31.9,31.8
-O1TIaBD5X3Xs3SjISja,419.31189,419.31189,70.3,67.9,38.51038,23.71184,31.9,31.8
-O1TInNrkVCQILFD_AEm,419.31189,419.31189,70.3,67.9,38.51038,23.7851,31.9,31.8
-O1TJ-AIopQ22KBT6nLG,419.31189,419.31189,70.3,67.9,38.51038,23.56532,31.9,31.9
-O1TJDll3B-sNdDY-ast,419.31189,419.31189,70.3,67.9,38.51038,23.51648,31.9,31.8
-O1TJQa2vANx0axiCvIf,419.31189,419.31189,70.3,67.9,38.51038,23.68742,31.9,31.9
-O1TJdyRaYjZwH0HAvnN,419.31189,419.31189,70.3,67.9,38.51038,23.44322,31.9,31.9
-O1TJrNPjuX1lH9B_uZr,419.31189,419.31189,70.3,67.9,38.51038,23.58974,31.9,31.9
-O1TK3zEGkDv2NhkFJh5,419.31189,419.31189,70.3,67.9,38.51038,23.68742,31.9,31.9
-O1TKHyQeIoqtjuKz1h1,419.31189,419.31189,70.3,67.9,38.51038,23.49206,31.9,31.9
-O1TKW_W-h1wbMsqNnOz,419.31189,419.31189,70.3,67.7,38.51038,23.61416,31.9,31.9
-O1TKiAZX6AL10PpebmH,419.31189,419.31189,70.3,67.6,38.51038,23.71184,31.9,32.0
-O1TKvAkZv-Udl7vliqf,419.31189,419.31189,70.3,67.6,38.51038,23.71184,31.9,32.0
-O1TL8AfaFoktezOtH7x,419.31189,419.31189,70.3,67.7,38.51038,23.663,31.9,31.9
-O1TLMyaAiG5g_wXoygy,419.31189,419.31189,70.3,67.8,38.51038,23.7851,31.9,31.9
-O1TLZAgyinQTQvtE-KE,419.31189,419.31189,70.3,67.9,38.51038,23.73626,31.9,31.9
-O1TLm_-ZT_v9_W1z7XJ,419.31189,419.31189,70.3,67.8,38.51038,23.76068,31.9,31.9
-O1TM-a-q8f-hJXS6Y7N,419.31189,419.31189,70.3,68.0,38.51038,23.663,31.9,31.9
-O1TMDAnZq1DAZvvAgM4,419.31189,419.31189,70.3,68.1,38.51038,23.663,31.9,31.9
-O1TMQlq1nRsHAUNKb4n,419.31189,419.31189,70.3,68.1,38.51038,23.61416,31.9,31.9
-O1TMcytOunWSILikUJR,419.31189,419.31189,70.3,68.0,38.51038,23.76068,31.9,31.9
-O1TMrNFsd72LB69Hr6N,419.31189,419.31189,70.3,68.1,38.51038,23.83394,31.9,31.8
-O1TN3mcvs-hwXb9kazf,419.31189,419.31189,70.3,68.2,38.51038,23.663,31.9,31.8
-O1TNHNpZkcAWsKPrV0Y,419.31189,419.31189,70.3,68.3,38.51038,23.76068,31.9,31.8
-O1TNUeUGVmHeKmO8jFT,419.31189,419.31189,70.3,68.3,38.51038,23.7851,31.9,31.7
-O1TNjY4bE0ycyWWx0-b,419.31189,419.31189,70.3,68.5,38.51038,23.85836,31.9,31.7
-O1TNumfZRcZqHUnXPiA,419.31189,419.31189,70.3,68.4,38.51038,23.663,31.9,31.7
-O1TO7_BHs9vdkJ8tPsZ,419.31189,419.31189,70.3,68.4,38.51038,23.83394,31.9,31.7
-O1TOL_Eg8RvyzU-eETK,419.31189,419.31189,70.3,68.4,38.51038,23.73626,31.9,31.8
-O1TO_C7uviOVrJboEI7,419.31189,419.31189,70.3,68.4,38.51038,23.58974,31.9,31.8
-O1TOmBu65y9UuvhHfOU,419.31189,419.31189,70.3,68.4,38.51038,23.7851,31.9,31.8
-O1TOzzsFCj0Gs6oiEez,419.31189,419.31189,70.3,68.4,38.51038,23.68742,31.9,31.8
-O1TPCa-2OSXUQYwroiU,419.31189,419.31189,70.3,68.4,38.51038,23.71184,31.9,31.8
-O1TPQAUtds75_aQa9Pd,419.31189,419.31189,70.3,68.4,38.51038,23.76068,31.9,31.8
-O1TPcZb-3jRvGr_lbHf,419.31189,419.31189,70.3,68.4,38.51038,23.73626,31.9,31.8
-O1TPq3w-DAQzQNWDxcj,419.31189,419.31189,70.3,68.3,38.51038,23.76068,31.9,31.8
-O1TQ5mEu5YiOfGqon6f,419.31189,419.31189,70.3,68.3,38.51038,23.73626,31.9,31.8
-O1TQGNeVKCphYxUwXAB,419.31189,419.31189,70.3,68.3,38.51038,23.56532,31.9,31.8
-O1TQULEfcp9574diLaP,419.31189,419.31189,70.3,68.3,38.51038,23.71184,31.9,31.8
-O1TQhO-mDF-P_h3FPN1,419.31189,419.31189,70.3,68.2,38.51038,23.71184,31.9,31.9
-O1TQvAvxEMXhDyLhwqX,419.31189,419.31189,70.3,68.2,38.51038,23.71184,31.9,31.8
-O1TR7aj7A-K7Ya8mXcp,419.31189,419.31189,70.3,68.2,38.51038,23.663,31.9,31.9
-O1TRLAvdp9L4XHA5lUr,419.31189,419.31189,70.3,68.3,38.51038,23.58974,31.9,31.8
-O1TRYafkDyq501rIunm,419.31189,419.31189,70.3,68.3,38.51038,23.71184,31.9,31.8
-O1TRl_NIvRQb0bGnMdK,419.31189,419.31189,70.3,68.3,38.51038,23.76068,31.9,31.8
-O1TRyysb06Ke2OdQxTX,419.31189,419.31189,70.3,68.2,38.51038,23.71184,31.9,31.9
-O1TSCksHu87l4ox3Xpt,419.31189,419.31189,70.3,68.3,38.51038,23.73626,31.9,31.8
-O1TSOo7Mbqun30iWuUq,419.31189,419.31189,70.3,68.2,38.51038,23.663,31.9,31.8
-O1TScBPoZPJnxRf2cEn,419.31189,419.31189,70.3,68.2,38.51038,23.80952,31.9,31.9
-O1TSpN1T1yTxKVOuOpG,419.31189,419.31189,70.3,68.2,38.51038,23.76068,31.9,31.9
-O1TT394bGrz-RQ2qbPm,419.31189,419.31189,70.3,68.2,38.51038,23.56532,31.9,31.9
-O1TTFnK-FidcXXp5hN4,419.31189,419.31189,70.3,68.2,38.51038,23.68742,31.9,31.9
-O1TTUaajjsulX33LsF3,419.31189,419.31189,70.3,67.9,38.51038,23.61416,31.9,31.9
-O1TTgaECnetGOpd6vpl,419.31189,419.31189,70.3,68.1,38.51038,23.73626,31.9,31.8
-O1TTtltxBpiHWXuFCE2,419.31189,419.31189,70.3,68.1,38.51038,23.83394,31.9,31.8
-O1TU707z2_tOx9reCke,419.31189,419.31189,70.3,68.1,38.51038,23.68742,31.9,31.8
-O1TUKzk13jy8BYPF506,419.31189,419.31189,70.3,68.2,38.51038,23.76068,31.9,31.8
-O1TUXagKPMa23CbeCS1,419.31189,419.31189,70.3,68.2,38.51038,23.61416,31.9,31.8
-O1TUjzdZ3mG6K-bkIpa,419.31189,419.31189,70.3,68.0,38.51038,23.7851,31.9,31.8
-O1TUxnZ_DiQRiVBP0Nh,419.31189,419.31189,70.3,68.1,38.51038,23.71184,31.9,31.8
-O1TVBn-AJvSPGRFCe1T,419.31189,419.31189,70.3,67.9,38.51038,23.51648,31.9,31.8
-O1TVOziTRuMm4PzxGUU,419.31189,419.31189,70.3,67.9,38.51038,23.68742,31.9,31.8
-O1TVb-aFhBkLsRhfYxE,419.31189,419.31189,70.3,67.8,38.51038,23.73626,31.9,31.8
-O1TVpB59h273EOHEbIR,419.31189,419.31189,70.3,67.9,38.51038,23.83394,31.9,31.8
-O1TW2O5Uyhn-5PMtb3y,419.31189,419.31189,70.3,67.8,38.51038,23.83394,31.9,31.8
-O1TWG-fQvVl0_hDf9in,419.31189,419.31189,70.3,67.8,38.51038,23.73626,31.9,31.8
-O1TWTOU1R4YEDwQ1qR3,419.31189,419.31189,70.3,67.8,38.51038,23.76068,31.9,31.8
-O1TWimkJvmjpZMNE-3D,419.31189,419.31189,70.3,67.8,38.51038,23.56532,31.9,31.8
-O1TWtzZpAWINYYtwKcg,419.31189,419.31189,70.3,67.7,38.51038,23.73626,31.9,31.8
-O1TX6AkWItyoNHWbpZu,419.31189,419.31189,70.3,67.7,38.51038,23.663,31.9,31.8
-O1TXJaFcORtWolaI_Aa,419.31189,419.31189,70.3,67.7,38.51038,23.83394,31.9,31.8
-O1TXXzfpGPswqAABZvC,419.31189,419.31189,70.3,67.6,38.51038,23.61416,31.9,31.8
-O1TXjlydfG0TwKBGVKR,419.31189,419.31189,70.3,67.7,38.51038,23.71184,31.9,31.8
-O1TXyVEIOpCoiI5MomR,419.31189,419.31189,70.3,67.6,38.51038,23.58974,31.9,31.8
-O1TYABa8VT-LDh8DopC,419.31189,419.31189,70.3,67.4,38.51038,23.68742,31.9,31.8
-O1TYOOA7fDUqijAQrD7,419.31189,419.31189,70.3,67.4,38.51038,23.68742,31.9,31.8
-O1TYbwVRLNdlGioWBSx,419.31189,419.31189,70.3,67.5,38.51038,23.71184,31.9,31.8
-O1TYpaw1KBrQFCOOpMb,419.31189,419.31189,70.3,67.6,38.51038,23.68742,31.9,31.7
-O1TZ1C3daupTy-C_Hp5,419.31189,419.31189,70.3,67.5,38.51038,23.71184,31.9,31.8
-O1TZFoBykqGih3Lb9Ix,419.31189,419.31189,70.3,67.5,38.51038,23.68742,31.9,31.7
-O1TZSBzrjoZet1aDqhn,419.31189,419.31189,70.3,68.6,38.51038,23.68742,31.9,31.6
-O1TZfncljCpzg5eDyJc,419.31189,419.31189,70.3,68.7,38.51038,23.49206,31.9,31.7
-O1TZtnJbbutHhmC4xoS,419.31189,419.31189,70.3,71.4,38.51038,23.56532,31.9,30.5
-O1T_7a-lp56-526UpGT,419.31189,419.31189,70.3,74.0,38.51038,23.71184,31.9,29.8
-O1T_KB1zoymIM0Uej0x,419.31189,419.31189,70.3,74.9,38.51038,23.68742,31.9,29.5
-O1T_WQ-HD2NyhOAqTOz,419.31189,419.31189,70.3,75.2,38.51038,23.46764,31.9,29.5
-O1T_jCkBj4jc9Hybcoc,419.31189,419.31189,70.3,75.4,38.51038,23.7851,31.9,29.4
-O1T_yPBAccRjcsTAV4i,419.31189,419.31189,70.3,75.5,38.51038,23.80952,31.9,29.4
-O1Ta9OmpXEOsYoR57FQ,419.31189,419.31189,70.3,75.6,38.51038,23.663,31.9,29.3
-O1TaNAsgioYzrlXhGXE,419.31189,419.31189,70.3,75.6,38.51038,23.58974,31.9,29.3
-O1Ta_nZMP_7JVC996BJ,419.31189,419.31189,70.3,75.7,38.51038,23.76068,31.9,29.3
-O1Tap27OzCWXlZCMgP5,419.31189,419.31189,70.3,75.7,38.51038,23.7851,31.9,29.2
-O1Tb0-mGuS74aE24Zvj,419.31189,419.31189,70.3,75.8,38.51038,23.56532,31.9,29.2
-O1TbEOTmuRMhK8Nmk0K,419.31189,419.31189,70.3,75.8,38.51038,23.61416,31.9,29.2
-O1TbRmQ-Ti5P6RHFy4x,419.31189,419.31189,70.3,75.9,38.51038,23.76068,31.9,29.2
-O1TbgnJ1wHV7BjvjHQa,419.31189,419.31189,70.3,75.9,38.51038,23.83394,31.9,29.2
-O1TbsC2R8Y-rDWAA54w,419.31189,419.31189,70.3,76.0,38.51038,23.73626,31.9,29.2
-O1Tc4poww150U7PoeAM,419.31189,419.31189,70.3,76.0,38.51038,23.663,31.9,29.2
-O1TcIn7cZff8CJslDcV,419.31189,419.31189,70.3,76.1,38.51038,23.61416,31.9,29.2
-O1TcXOvwEwpwH9BBc5X,419.31189,419.31189,70.3,76.2,38.51038,23.663,31.9,29.2
-O1Tcibfrc6w3P7mljs-,419.31189,419.31189,70.3,76.3,38.51038,23.63858,31.9,29.2
-O1TcwP669bUqsHeNPg0,419.31189,419.31189,70.3,76.4,38.51038,23.83394,31.9,29.2
-O1Td8o3fF61BVkbKHHA,419.31189,419.31189,70.3,76.4,38.51038,23.71184,31.9,29.2
-O1TdO-ktSHOabZTVql8,419.31189,419.31189,70.3,76.5,38.51038,23.58974,31.9,29.2
-O1TdaaJorW5YgbWiFZw,419.31189,419.31189,70.3,76.7,38.51038,23.76068,31.9,29.2
-O1TdnOa_8zyDWH6lh8S,419.31189,419.31189,70.3,76.7,38.51038,23.83394,31.9,29.2
-O1Te1OgIUW817oBNTfC,419.31189,419.31189,70.3,76.8,38.51038,23.46764,31.9,29.2
-O1TeD_bI1fKsQmgYSBc,419.31189,419.31189,70.3,76.9,38.51038,23.73626,31.9,29.2
-O1TeRciOSOBpyOyoB7K,419.31189,419.31189,70.3,77.0,38.51038,23.61416,31.9,29.2
-O1Tef--r42q1PZY1VTz,419.31189,419.31189,70.3,77.1,38.51038,23.76068,31.9,29.2
-O1Tes11W2SVedpRWTQa,419.31189,419.31189,70.3,77.2,38.51038,23.73626,31.9,29.2
-O1Tf5P1XS-7TuXto9bV,419.31189,419.31189,70.3,77.3,38.51038,23.68742,31.9,29.2
-O1TfICYsTXAQJ1UOGwU,419.31189,419.31189,70.3,77.3,38.51038,23.61416,31.9,29.2
-O1TfV-5ZhNCxZ5Kg6jf,419.31189,419.31189,70.3,77.4,38.51038,23.83394,31.9,29.2
-O1TfjBoa5OrkU51W6-s,419.31189,419.31189,70.3,77.4,38.51038,23.83394,31.9,29.2
-O1Tfwz-EhvseA78oKGl,419.31189,419.31189,70.3,77.5,38.51038,23.68742,31.9,29.2
-O1Tg8PmUwnuroH3SB_l,419.31189,419.31189,70.3,77.6,38.51038,23.7851,31.9,29.2
-O1TgLoo6K4NHfDXJwLu,419.31189,419.31189,70.3,77.7,38.51038,23.71184,31.9,29.2
-O1Tgbag_MAoe4_gf4fO,419.31189,419.31189,70.3,77.8,38.51038,23.71184,31.9,29.2
-O1TgmOucr6KAUwSDd5F,419.31189,419.31189,70.3,77.9,38.51038,23.73626,31.9,29.2
-O1Th-0SY6z29pNdQaf3,419.31189,419.31189,70.3,78.0,38.51038,23.71184,31.9,29.2
-O1ThDbKRxNkVOMvmeij,419.31189,419.31189,70.3,78.1,38.51038,23.7851,31.9,29.2
-O1ThS_uwhtp1CILXSam,419.31189,419.31189,70.3,78.2,38.51038,23.68742,31.9,29.2
-O1ThdaKxeK8jWHkJbtm,419.31189,419.31189,70.3,78.3,38.51038,23.80952,31.9,29.2
-O1ThsPGjcoToxsXoWus,419.31189,419.31189,70.3,78.4,38.51038,23.663,31.9,29.2
-O1Ti4PK8IY1k4JOPWaw,419.31189,419.31189,70.3,78.5,38.51038,23.58974,31.9,29.2
-O1TiJOTgTZsm83Ik9zH,419.31189,419.31189,70.3,78.6,38.51038,23.71184,31.9,29.2
-O1TiVPgEJKg3BESu7jz,419.31189,419.31189,70.3,78.7,38.51038,23.76068,31.9,29.2
-O1Tii9ZLAgu2XjgA4BW,419.31189,419.31189,70.3,78.8,38.51038,23.68742,31.9,29.2
-O1Tivaf4CZ2jDCtXqSb,419.31189,419.31189,70.3,78.8,38.51038,23.7851,31.9,29.2
-O1TjAFAdRKBShz4keSd,419.31189,419.31189,70.3,78.9,38.51038,23.85836,31.9,29.2
-O1TjLOpRpunDO4MDMXl,419.31189,419.31189,70.3,79.0,38.51038,23.58974,31.9,29.2
-O1TjZOGs7FuaKEvnvl6,419.31189,419.31189,70.3,79.0,38.51038,23.58974,31.9,29.2
-O1TjmnInvNCL0KToGVv,419.31189,419.31189,70.3,79.1,38.51038,23.68742,31.9,29.2
-O1Tk0b1Hs45q-ZZ2mif,419.31189,419.31189,70.3,79.2,38.51038,23.83394,31.9,29.2
-O1TkCbBZDA62zuUJzry,419.31189,419.31189,70.3,79.3,38.51038,23.663,31.9,29.2
-O1TkQnVaCPRbnzXoASU,419.31189,419.31189,70.3,79.4,38.51038,23.76068,31.9,29.2
-O1TkcoyqsyWkhjy2Kcm,419.31189,419.31189,70.3,79.4,38.51038,23.7851,31.9,29.2
-O1TksPVHlDznA_vec3E,419.31189,419.31189,70.3,79.5,38.51038,23.83394,31.9,29.2
-O1Tl3OXtpHBAlQCkoTN,419.31189,419.31189,70.3,79.5,38.51038,23.51648,31.9,29.2
-O1Tld0kp53D2Na8okvg,419.31189,419.31189,70.3,79.7,38.51038,23.76068,31.9,29.2
-O1TnEDMP482icVEqS-d,419.31189,419.31189,70.3,79.7,38.51038,30.52503,31.9,29.2
-O1TnInne2cE-3AhTuYn,419.31189,419.31189,70.3,79.9,38.51038,30.20757,31.9,29.2
-O1TnVP20i5q-fdIAvVM,419.31189,419.31189,70.3,80.0,38.51038,29.96337,31.9,29.2
-O1TniBtC9qoxQW1ARxj,7.8845,419.31189,70.3,80.2,38.51038,86.64225,31.9,29.2
-O1ToAoM1pE5_iih9rak,7.27012,419.31189,70.3,80.3,38.51038,86.32478,31.9,29.2
-O1ToLnfLrRGLahMzfGM,7.27012,419.31189,70.3,80.4,38.51038,85.81197,31.9,29.2
-O1ToapIeYX9GIqGdDiY,7.16772,419.31189,70.3,80.4,38.51038,85.68987,31.9,29.2
-O1TonOaFiJsL_QNp6v-,8.08929,419.31189,70.3,80.6,38.51038,85.56776,31.9,29.2
-O1Tp-nxVOct1z_SC-9K,8.19169,419.31189,70.3,80.7,38.51038,85.56776,31.9,29.1
-O1TpCatIpngrydJAWKj,7.7821,419.31189,70.3,80.8,38.51038,85.59219,31.9,29.2
-O1TpPzWfeGbdIpEylII,8.19169,419.31189,70.3,81.0,38.51038,85.51893,31.9,29.1
-O1TpdOVyTTFh7eJb7NL,8.80606,419.31189,70.3,81.0,38.51038,85.56776,31.9,29.1
-O1TprOxN9pacYrk6YKZ,11.16117,419.31189,70.3,81.0,38.51038,85.29915,31.9,29.1
-O1Tq3n1oFHDlnJX8dJv,10.85398,419.31189,70.3,81.1,38.51038,85.54335,31.9,29.2
-O1TqJ-HWqskUW0k_uO0,10.54679,419.31189,70.3,81.3,38.51038,85.22588,31.9,29.1
-O1TqVO8-yLCElCPNTDJ,10.13721,419.31189,70.3,81.4,38.51038,85.44566,31.9,29.1
-O1TqiOMjxAjxaZi2hxY,11.16117,419.31189,70.3,81.5,38.51038,85.42125,31.9,29.1
-O1TquzRwdXxNI6gaLOq,10.95638,419.31189,70.3,81.6,38.51038,85.54335,31.9,29.1
-O1Tr7mkcE_CRV06LfU3,10.4444,419.31189,70.3,81.6,38.51038,85.51893,31.9,29.1
-O1TrLabdqykbxq_VAul,9.93242,419.31189,70.3,81.8,38.51038,85.56776,31.9,29.1
-O1Tr_CjeASVJpSE5Xoj,11.26357,419.31189,70.3,81.6,38.51038,85.1282,31.9,29.2
-O1TrmC4VFpO1IHKlupL,10.54679,419.31189,70.3,81.4,38.51038,85.34798,31.9,29.4
-O1Trzas43yrJD-s_0MQ,9.83002,419.31189,70.3,80.4,38.51038,85.25031,31.9,29.7
-O1TsCaKFL1SCbqfWIKD,9.93242,419.31189,70.3,79.5,38.51038,85.15263,31.9,30.0
-O1TsQOaFcnZ_j_fU5lO,10.4444,419.31189,70.3,79.0,38.51038,85.1282,31.9,30.2
-O1TsdBXoIWiM9wt390P,11.36596,419.31189,70.3,78.5,38.51038,85.44566,31.9,30.3
-O1TsrawCU5n1HiZRTVU,10.13721,419.31189,70.3,77.9,38.51038,85.42125,31.9,30.5
-O1Tt3asOMmvSKb6R8X8,11.36596,419.31189,70.3,77.9,38.51038,85.20147,31.9,30.4
-O1TtInoe0KZtHKf7Ofs,10.03481,419.31189,70.3,77.6,38.51038,85.56776,31.9,30.6
-O1TtUaBpFhIGyVOS8XA,10.342,419.31189,70.3,77.2,38.51038,85.29915,31.9,30.7
-O1TthJh84RuMooVpWN1,10.75159,419.31189,70.3,77.3,38.51038,85.10378,31.9,30.7
-O1TtxXr_ruFSIQ8i8wh,10.03481,419.31189,70.3,77.4,38.51038,85.03053,31.9,30.7
-O1Tu7mvijyPjtaq6xR0,10.4444,419.31189,70.3,77.2,38.51038,85.10378,31.9,30.7
-O1TuLOncCdnn-94Pw-B,9.83002,419.31189,70.3,77.1,38.51038,84.95727,31.9,30.8
-O1TuYamo_OIBtqvLTI6,10.75159,419.31189,70.3,76.8,38.51038,85.1282,31.9,30.9
-O1TumhxTkTZu1TeT8YN,11.16117,419.31189,70.3,76.2,38.51038,85.17705,31.9,31.1
-O1Tv--_raLrIkP0TqRD,10.13721,419.31189,70.3,76.3,38.51038,85.03053,31.9,31.0
-O1TvCavyUj2Vs0Xbz-6,10.95638,419.31189,70.3,76.1,38.51038,85.0061,31.9,31.1
-O1TvP02pYeR4S88Y49B,11.46836,419.31189,70.3,75.6,38.51038,84.81075,31.9,31.2
-O1Tveauw9AZtJvHdHZr,11.26357,419.31189,70.3,75.1,38.51038,85.15263,31.9,31.4
-O1TvpO_AJWUUWys43bm,11.46836,419.31189,70.3,74.9,38.51038,85.03053,31.9,31.5
-O1Tw2bGlM6BqBAzblXs,10.4444,419.31189,70.3,74.6,38.51038,84.90842,31.9,31.5
-O1TwG-hkFQcawjawLGj,9.72763,419.31189,70.3,74.3,38.51038,85.1282,31.9,31.6
-O1TwVOc2dq1DCchZ_x4,10.95638,419.31189,70.3,74.3,38.51038,84.95727,31.9,31.6
-O1TwgCjKg9q8PLJLik5,9.83002,419.31189,70.3,74.2,38.51038,84.95727,31.9,31.6
-O1TwuTr_SfiwhLo3_X8,11.05877,419.31189,70.3,74.1,38.51038,85.15263,31.9,31.6
-O1Tx6OnKqzFqMVYBI6c,9.11325,419.31189,70.3,74.0,38.51038,85.20147,31.9,31.6
-O1TxLBviSJE-jK90HKY,9.93242,419.31189,70.3,73.8,38.51038,85.03053,31.9,31.7
-O1TxY-Nib_UO9sz6tBL,10.03481,419.31189,70.3,73.7,38.51038,84.95727,31.9,31.7
-O1TxlQpTX0lRBBZcpBA,9.62523,419.31189,70.3,73.7,38.51038,84.95727,31.9,31.7
-O1Ty-zmzDcRbTS-TKDb,10.95638,419.31189,70.3,74.0,38.51038,84.90842,31.9,31.4
-O1TyB-XDkL-0DchHHy2,11.46836,419.31189,70.3,75.8,38.51038,84.63981,31.9,30.9
-O1TyOaavZ2BRTAE8x20,9.83002,419.31189,70.3,77.1,38.51038,84.7619,31.9,30.5
-O1TybCWZ5_gwx7Rk9EX,9.93242,419.31189,70.3,78.0,38.51038,84.83517,31.9,30.3
-O1TyqanUhmdrfybSRYk,11.46836,419.31189,70.3,78.3,38.51038,84.78632,31.9,30.2
-O1Tz2OfzpCqPWDp545A,11.16117,419.31189,70.3,78.6,38.51038,84.73749,31.9,30.2
-O1TzFOS6VW76ErjJANT,9.72763,419.31189,70.3,78.8,38.51038,84.78632,31.9,30.2
-O1TzTaqm2HxnK4-VujH,10.13721,419.31189,70.3,79.0,38.51038,84.78632,31.9,30.1
-O1TziPc8xwHNae9R8hN,9.52283,419.31189,70.3,79.1,38.51038,84.71307,31.9,30.1
-O1TzvCDW5AZauA_EXAg,10.03481,419.31189,70.3,79.3,38.51038,84.78632,31.9,30.1
-O1U-5b4L_D4Uv4LLm0P,10.95638,419.31189,70.3,79.3,38.51038,84.81075,31.9,30.1
-O1U-K-At1b0pdaV8Fqq,10.4444,419.31189,70.3,79.4,38.51038,84.95727,31.9,30.1
-O1U-Z-JK3SPPotRy8XY,10.13721,419.31189,70.3,79.5,38.51038,84.63981,31.9,30.1
-O1U-kCVOuILoJ7w0sJS,9.52283,419.31189,70.3,79.5,38.51038,84.68864,31.9,30.1
-O1U00b66-vQykY8-F1S,10.03481,419.31189,70.3,79.7,38.51038,84.81075,31.9,30.0
-O1U0EbDaUzzy3B-kMTY,10.03481,419.31189,70.3,79.8,38.51038,84.66422,31.9,30.0
-O1U0Ob7MzLtEN413zbi,10.342,419.31189,70.3,79.9,38.51038,84.63981,31.9,30.0
-O1U0bbyYqdXi59x-J9K,10.54679,419.31189,70.3,80.0,38.51038,84.61539,31.9,30.0
-O1U0pColyOUVABF2TFg,10.13721,419.31189,70.3,79.6,38.51038,84.56654,31.9,30.0
-O1U13CDPXhvJl5i7gX9,11.16117,419.31189,70.3,79.5,38.51038,84.49329,31.9,30.1
-O1U1Fb53E4scmdqlS3k,10.54679,419.31189,70.3,78.9,38.51038,84.73749,31.9,30.3
-O1U1SnPOndQdeskCbMg,10.95638,419.31189,70.3,78.2,38.51038,84.73749,31.9,30.5
-O1U1f-ZrhAXrFNkgC5b,10.342,419.31189,70.3,77.5,38.51038,84.46886,31.9,30.7
-O1U1u-OL09c2LEDbnLC,10.23961,419.31189,70.3,77.0,38.51038,84.54212,31.9,30.8
-O1U25b0O6fg_mSxlvNx,10.13721,419.31189,70.3,76.6,38.51038,84.39561,31.9,30.9
-O1U2JCOs7Ug78XO5sEv,10.23961,419.31189,70.3,76.3,38.51038,84.39561,31.9,31.0
-O1U2WnduMXi1rlXgzL3,11.57076,419.31189,70.3,76.1,38.51038,84.51771,31.9,31.0
-O1U2l-EoThZKjezKG4K,10.03481,419.31189,70.3,76.0,38.51038,84.34676,31.9,31.0
-O1U2xaPbAKWJIOC3KAJ,9.72763,419.31189,70.3,76.2,38.51038,84.44444,31.9,30.9
-O1U39QyPmixGrmWAzgG,10.54679,419.31189,70.3,76.1,38.51038,84.42003,31.9,31.0
-O1U3NOmGK3UjbLTFVuQ,11.46836,419.31189,70.3,75.4,38.51038,84.51771,31.9,31.2
-O1U3b0C0hD0aqEGwLdI,11.05877,419.31189,70.3,75.0,38.51038,84.39561,31.9,31.3
-O1U3nb4-23fK90SaDOf,9.93242,419.31189,70.3,74.7,38.51038,84.61539,31.9,31.3
-O1U40mQ3y3sFSNBChvm,10.03481,419.31189,70.3,74.8,38.51038,84.32234,31.9,31.2
-O1U4ED9XGrRo2RQRWpI,11.16117,419.31189,70.3,75.0,38.51038,84.54212,31.9,31.1
-O1U4WDDPqg8xGfXxc2m,10.75159,419.31189,70.3,74.9,38.51038,84.42003,31.9,31.2
-O1U4enQLBru5EYCRv3v,10.54679,419.31189,70.3,73.9,38.51038,84.42003,31.9,31.5
-O1U4tCzSfWh9ij_2Q7n,10.342,419.31189,70.3,73.8,38.51038,84.46886,31.9,31.5
-O1U56DTmDZC4znNBDlX,10.4444,419.31189,70.3,73.6,38.51038,84.46886,31.9,31.6
-O1U5JbGO1rCjhrv3ycJ,8.70367,419.31189,70.3,73.4,38.51038,84.44444,31.9,31.6
-O1U5VnzrAl5-pnhSWfZ,10.54679,419.31189,70.3,73.5,38.51038,84.59097,31.9,31.6
-O1U5joGiAbR3-Zx3s7U,11.26357,419.31189,70.3,73.5,38.51038,84.73749,31.9,31.5
-O1U5xbGANng8GxZJfng,11.36596,419.31189,70.3,73.7,38.51038,84.56654,31.9,31.4
-O1U6ACcmrFZsYi3GVme,11.57076,419.31189,70.3,73.9,38.51038,84.73749,31.9,31.4
-O1U6NQ14cKi3fohDlrP,10.95638,419.31189,70.3,73.5,38.51038,84.39561,31.9,31.5
-O1U6avbSF1BpHozgjhS,10.23961,419.31189,70.3,73.7,38.51038,84.56654,31.9,31.4
-O1U6nEKs6teR87EmglP,10.13721,419.31189,70.3,73.2,38.51038,84.61539,31.9,31.6
-O1U71_QBLpz6N3SNbE9,11.05877,419.31189,70.3,73.2,38.51038,84.42003,31.9,31.6
-O1U7DDy_8ZO3sL_zaDR,9.62523,419.31189,70.3,72.8,38.51038,84.56654,31.9,31.7
-O1U7RpuqDup465uY9UG,10.342,419.31189,70.3,73.0,38.51038,84.63981,31.9,31.6
-O1U7eQcI9L_X9_J4pw0,11.05877,419.31189,70.3,73.3,38.51038,84.78632,31.9,31.6
-O1U7tQS2GE9Jl0Xal8W,9.93242,419.31189,70.3,73.1,38.51038,84.44444,31.9,31.5
-O1U840_rKyW2PNSSjqX,10.03481,419.31189,70.3,73.8,38.51038,84.68864,31.9,31.4
-O1U8ItBqM5rqWsJhEKt,10.03481,419.31189,70.3,73.6,38.51038,84.46886,31.9,31.3
-O1U8Vp7V05sjPOZ1ngG,9.72763,419.31189,70.3,74.1,38.51038,84.71307,31.9,31.2
-O1U8jDIrdzTqcp0zsWz,11.16117,419.31189,70.3,74.2,38.51038,84.32234,31.9,31.1
-O1U8w0Ssl-Cf8naJr9j,10.13721,419.31189,70.3,74.4,38.51038,84.66422,31.9,31.0
-O1U99-rweiUkodmfekd,11.46836,419.31189,70.3,74.2,38.51038,84.39561,31.9,31.1
-O1U9MoUiX1M8Js4gdmk,10.85398,419.31189,70.3,74.1,38.51038,84.42003,31.9,31.2
-O1U9c0t2NgEmm5sfW8D,11.57076,419.31189,70.3,73.9,38.51038,84.56654,31.9,31.3
-O1U9nc4eyIVXpW9qOhe,9.83002,419.31189,70.3,73.2,38.51038,84.54212,31.9,31.6
-O1UA2cOs7yhdlmD2RIr,10.13721,419.31189,70.3,72.9,38.51038,84.51771,31.9,31.7
-O1UADD4K7Hp6zHrqDF9,11.36596,419.31189,70.3,72.9,38.51038,84.56654,31.9,31.6
-O1UASPikluo6vmvJaOq,10.85398,419.31189,70.3,73.0,38.51038,84.37119,31.9,31.4
-O1UAe0bFrh3j4zdPdo2,11.46836,419.31189,70.3,73.0,38.51038,38.9011,31.9,31.5
-O1UAr0bx6pebnInmqvm,10.13721,419.31189,70.3,73.1,38.51038,38.94994,31.9,31.4
-O1UB6-w1-EItmd-G8iF,10.342,419.31189,70.3,73.0,38.51038,38.82784,31.9,31.4
-O1UBIbKSgg7y_lgIiyc,10.13721,419.31189,70.3,72.7,38.51038,38.92552,31.9,31.4
-O1UBWD5m3c8Rk7NwOhi,11.46836,419.31189,70.3,72.6,38.51038,38.80342,31.9,31.5
-O1UBiQFO5DPclOUQ27x,11.46836,419.31189,70.3,72.4,38.51038,38.779,31.9,31.6
-O1UBxp-TLrXy1_q5BkG,11.46836,419.31189,70.3,72.2,38.51038,38.85226,31.9,31.7
-O1UC8cj3p9gXoS70rNR,10.85398,419.31189,70.3,71.6,38.51038,38.80342,31.9,31.9
-O1UCLd7KsG1AYL2OSr6,10.342,419.31189,70.3,71.5,38.51038,38.85226,31.9,31.9
-O1UCZpA5EJ81tndKmGI,9.93242,419.31189,70.3,71.2,38.51038,38.92552,31.9,32.0
-O1UCpDpWrjLaXxGaaSn,11.26357,419.31189,70.3,70.8,38.51038,39.04762,31.9,32.1
-O1UCzb4RzRIujOExTuT,10.4444,419.31189,70.3,70.7,38.51038,38.9011,31.9,32.1
-O1UDD08nKE96gLudH5l,10.4444,419.31189,70.3,70.9,38.51038,38.70574,31.9,32.1
-O1UDQE6yxe8p96OqGbe,10.13721,419.31189,70.3,70.9,38.51038,38.82784,31.9,32.0
-O1UDe-Jrcju8iJadiaZ,9.93242,419.31189,70.3,71.0,38.51038,39.21856,31.9,31.9
-O1UDrnxFW3QgWOJlh1v,10.342,419.31189,70.3,71.4,38.51038,39.1453,31.9,31.9
-O1UE4blhyKFcnMqFHD_,10.13721,419.31189,70.3,71.1,38.51038,39.0232,31.9,32.0
-O1UEGPFhCqHJkCTnZAq,419.31189,419.31189,70.3,71.2,38.51038,39.09646,31.9,31.9
-O1UEVi2P1KIVKLcZdhF,419.31189,419.31189,70.3,71.3,38.51038,41.02564,31.9,31.9
-O1UEhDzfdKnlKUCuxiB,419.31189,419.31189,70.3,71.4,38.51038,31.30647,31.9,31.9
-O1UEucyho96mJsN7Jvq,419.31189,419.31189,70.3,71.4,38.51038,30.84249,31.9,31.9
-O1UF7PwQmPQrLdi2uU1,419.31189,419.31189,70.3,71.3,38.51038,30.86691,31.9,31.9
-O1UFLQjcf6trCSj0O53,419.31189,419.31189,70.3,71.4,38.51038,30.89133,31.9,31.8
-O1UF_0o3xrFN3pfquLq,419.31189,419.31189,70.3,71.4,38.51038,30.94017,31.9,31.9
-O1UFlR4zDDcVfCAvgH6,419.31189,419.31189,70.3,71.4,38.51038,31.06227,31.9,31.9
-O1UFzPsBUZ_qeDTgrSm,419.31189,419.31189,70.3,71.4,38.51038,31.08669,31.9,31.9
-O1UGDQ7OKKuMyufKSYu,419.31189,419.31189,70.3,71.6,38.51038,31.59951,31.9,31.8
-O1UGPfKzp_VTNOPMo1E,419.31189,419.31189,70.3,71.6,38.51038,31.69719,31.9,31.8
-O1UGcoRW6XtyjpgX2KK,419.31189,419.31189,70.3,71.5,38.51038,32.38095,31.9,31.8
-O1UGq1UQpzrU7Jccex6,419.31189,419.31189,70.3,71.4,38.51038,32.82051,31.9,31.9
-O1UH4dBhm2l0mKV_hEh,419.31189,419.31189,70.3,71.3,38.51038,32.47863,31.9,31.9
-O1UHFoU3zmF355siYkr,419.31189,419.31189,70.3,71.3,38.51038,32.5519,31.9,31.9
-O1UHUcYOO_5rw8uuScm,419.31189,419.31189,70.3,71.2,38.51038,33.1624,31.9,32.0
-O1UHgco2lKExT2SEisQ,419.31189,419.31189,70.3,71.2,38.51038,33.18681,31.9,32.0
-O1UHuomzS8QSPG-2Ddr,419.31189,419.31189,70.3,71.2,38.51038,33.23565,31.9,32.0
-O1UI7Dn9VC2xoDHI0eI,419.31189,419.31189,70.3,71.5,38.51038,33.08913,31.9,31.8
-O1UIKcQwOw3NiijOYAT,419.31189,419.31189,70.3,71.6,38.51038,33.18681,31.9,31.8
-O1UIYpKoYqDEV-VGeF1,419.31189,419.31189,70.3,71.8,38.51038,33.21124,31.9,31.8
-O1UInuKSUw-zPZg1H0h,419.31189,419.31189,70.3,71.4,38.51038,32.96703,31.9,31.9
-O1UIycbebUUUyGeH3ZA,419.31189,419.31189,70.3,71.1,38.51038,32.86935,31.9,32.0
-O1UJB1h1I69l-WEYkLt,419.31189,419.31189,70.3,70.8,38.51038,32.82051,31.9,32.1
-O1UJP1NyzSqZO80g-sA,419.31189,419.31189,70.3,70.9,38.51038,32.67399,31.9,32.1
-O1UJcDsWA5K1qsaPmVQ,419.31189,419.31189,70.3,71.2,38.51038,32.82051,31.9,31.9
-O1UJpE9UG0lr6OrO0ha,419.31189,419.31189,70.3,71.0,38.51038,32.42979,31.9,32.0
-O1UK1q4POcO8ypSAGvV,419.31189,419.31189,70.3,70.9,38.51038,32.47863,31.9,32.1
-O1UKGDJvwwW1dveOwsU,419.31189,419.31189,70.3,70.7,38.51038,32.42979,31.9,32.2
-O1UKUcQYf9XxsnnV3FV,419.31189,419.31189,70.3,70.7,38.51038,32.991460000000004,31.9,32.1
-O1UKg2E_TT8ZaWQP--A,419.31189,419.31189,70.3,70.9,38.51038,33.57753,31.9,32.1
-O1UKtCnMZNEGgGXh0dz,419.31189,419.31189,70.3,71.1,38.51038,33.7729,31.9,32.0
-O1UL6pf4eY3ml1rfqqC,419.31189,419.31189,70.3,71.4,38.51038,33.96825,31.9,31.9
-O1ULKQZbHmFbFOI5F9M,419.31189,419.31189,70.3,71.3,38.51038,33.62637,31.9,31.9
-O1ULY3Dgdl8BjpkbShj,419.31189,419.31189,70.3,71.4,38.51038,33.18681,31.9,31.8
-O1ULlQu5wL209_D71Fc,419.31189,419.31189,70.3,71.6,38.51038,33.7729,31.9,31.8
-O1ULyQJOtwZgur4I4F2,419.31189,419.31189,70.3,71.8,38.51038,33.74847,31.9,31.8
-O1UMCWPiArRDI27LZjA,419.31189,419.31189,70.3,71.8,38.51038,33.7729,31.9,31.7
-O1UMOcC5XoQF-cpQWmW,419.31189,419.31189,70.3,71.9,38.51038,33.72406,31.9,31.7
-O1UMaQlo0qJ55m-m8tR,419.31189,419.31189,70.3,71.9,38.51038,33.99268,31.9,31.7
-O1UMootBu_GbAKZi650,419.31189,419.31189,70.3,71.7,38.51038,33.96825,31.9,31.8
-O1UN21WLYURbz0ynEuY,419.31189,419.31189,70.3,71.7,38.51038,33.7729,31.9,31.8
-O1UNF1Jtu1WqbFhEGO_,419.31189,419.31189,70.3,71.6,38.51038,33.26007,31.9,31.9
-O1UNSpMRB4LAtTw70pp,419.31189,419.31189,70.3,71.3,38.51038,33.72406,31.9,32.0
-O1UNf1-6QWbY8ym9NyP,419.31189,419.31189,70.3,71.1,38.51038,34.01709,31.9,32.0
-O1UNtQdimS4xY3ydG3m,419.31189,419.31189,70.3,70.9,38.51038,32.03907,31.9,32.1
-O1UO7cphHonC9XkIX6y,419.31189,419.31189,70.3,70.8,38.51038,33.74847,31.9,32.1
-O1UOJRqlzk17HZm_tNb,419.31189,419.31189,70.3,70.9,38.51038,33.52869,31.9,32.1
-O1UOWodyvzbiv9Daf-_,419.31189,419.31189,70.3,71.0,38.51038,33.28449,31.9,32.0
-O1UOl2BNxTwJcOn79OH,419.31189,419.31189,70.3,71.2,38.51038,33.21124,31.9,32.0
-O1UOxcILE2B3KbUZSjp,419.31189,419.31189,70.3,71.1,38.51038,28.25397,31.9,32.0
-O1UPASrOBdc071C9T-J,419.31189,419.31189,70.3,71.2,38.51038,28.86447,31.9,32.0
-O1UPNcrJGhDNrKDD7xB,419.31189,419.31189,70.3,71.1,38.51038,23.46764,31.9,32.0
-O1UPcca6IRy3osVEsOp,419.31189,419.31189,70.3,71.2,38.51038,23.4188,31.9,32.0
-O1UPnsD1nZEfeT6iU1f,419.31189,419.31189,70.3,71.1,38.51038,23.24786,31.9,32.0
-O1UQ1EnjwIfov9Bugsb,419.31189,419.31189,70.3,71.0,38.51038,23.2967,31.9,32.0
-O1UQERLILMEvfV_rS8O,419.31189,419.31189,70.3,71.1,38.51038,23.39438,31.9,32.0
-O1UQTEHf9_rC8k_DdHr,419.31189,419.31189,70.3,70.9,38.51038,23.27228,31.9,32.0
-O1UQep5uD9n749rIMFH,419.31189,419.31189,70.3,71.0,38.51038,23.27228,31.9,32.0
-O1UQsQSAS8MyuHU6uiX,419.31189,419.31189,70.3,71.0,38.51038,23.36996,31.9,32.0
-O1UR5QYLORmZJ4rnEWx,419.31189,419.31189,70.3,71.0,38.51038,23.22344,31.9,32.0
-O1URJc80zulNefmheFO,419.31189,419.31189,70.3,71.2,38.51038,23.44322,31.9,31.9
-O1URWRD18CViC-MOxiM,419.31189,419.31189,70.3,71.2,38.51038,23.32112,31.9,31.9
-O1URj25BArfBRIG1s-1,419.31189,419.31189,70.3,70.9,38.51038,23.44322,31.9,32.0
-O1URwqMTPuuGtNCnkAD,419.31189,419.31189,70.3,70.8,38.51038,23.2967,31.9,32.1
-O1USAcdb1BQ_jx2E_dg,419.31189,419.31189,70.3,70.7,38.51038,23.4188,31.9,32.1
-O1USN2Pz-bV0K4tT-6b,419.31189,419.31189,70.3,70.8,38.51038,23.4188,31.9,32.0
-O1USa1N0oNkek7VRCKb,419.31189,419.31189,70.3,71.0,38.51038,23.27228,31.9,31.9
-O1USnQdS2b81FdrnWK6,419.31189,419.31189,70.3,71.3,38.51038,23.44322,31.9,31.9
-O1UT1E-x4MDvolPhunn,419.31189,419.31189,70.3,71.1,38.51038,23.32112,31.9,32.0
-O1UTE2BA8VfvmGoWGcw,419.31189,419.31189,70.3,70.8,38.51038,23.36996,31.9,32.1
-O1UTRQOD-LE8bKetBAh,419.31189,419.31189,70.3,70.7,38.51038,23.36996,31.9,32.1
-O1UTeEki1bIYtIEGqiF,419.31189,419.31189,70.3,70.6,38.51038,23.22344,31.9,32.1
-O1UTsR3xpZL_DQBMeNC,419.31189,419.31189,70.3,70.5,38.51038,23.36996,31.9,32.1
-O1UU4cPAIq40vkHQpUq,419.31189,419.31189,70.3,70.8,38.51038,23.12576,31.9,32.0
-O1UUIEvhidLZWX_4ZN-,419.31189,419.31189,70.3,70.9,38.51038,23.32112,31.9,32.0
-O1UUWEBf8JscF-2yLYl,419.31189,419.31189,70.3,70.9,38.51038,23.39438,31.9,32.0
-O1UUk16e3JLQvGPjRr5,419.31189,419.31189,70.3,70.9,38.51038,23.32112,31.9,32.0
-O1UUwdFnQZTSVFVrnqK,419.31189,419.31189,70.3,71.2,38.51038,23.22344,31.9,31.9
-O1UV9Dk2n4u1q9_rCm9,419.31189,419.31189,70.3,71.2,38.51038,23.44322,31.9,31.9
-O1UVN2Nub4-BCbAwREk,419.31189,419.31189,70.3,71.1,38.51038,23.4188,31.9,31.9
-O1UVaR4_kRHV8mxV9Ik,419.31189,419.31189,70.3,70.7,38.51038,23.46764,31.9,32.1
-O1UVn2M_xz_jSrc72x_,419.31189,419.31189,70.3,70.7,38.51038,23.32112,31.9,32.0
-O1UW1EbMzLEkZ5UqLBW,419.31189,419.31189,70.3,70.7,38.51038,23.44322,31.9,32.0
-O1UWCqCnlu_zpD1fAvh,419.31189,419.31189,70.3,70.6,38.51038,23.44322,31.9,32.1
-O1UWSERBCVEp5oWqfcG,419.31189,419.31189,70.3,70.4,38.51038,23.44322,31.9,32.2
-O1UWdqiDC1CAKYqFGip,419.31189,419.31189,70.3,70.5,38.51038,18.58364,31.9,32.0
-O1UWr1LLGfbfMzlsObF,419.31189,419.31189,70.3,70.8,38.51038,18.5348,31.9,31.9
-O1UX4RVs1A9PCzPd4xZ,419.31189,419.31189,70.3,71.2,38.51038,18.24176,31.9,31.8
-O1UXJ16mAngAQip_xgX,419.31189,419.31189,70.3,71.3,38.51038,18.4127,31.9,31.8
-O1UXVE3z3yj1ZIYuVz_,419.31189,419.31189,70.3,71.2,38.51038,18.5348,31.9,31.9
-O1UXiRc4Re3zGjr8OKh,419.31189,419.31189,70.3,70.9,38.51038,18.38828,31.9,31.9
-O1UXvcqPQVyn_SSfZea,419.31189,419.31189,70.3,71.0,38.51038,18.43712,31.9,31.9
-O1UY8cKn_7eAWN0UmMC,419.31189,419.31189,70.3,71.1,38.51038,18.48596,31.9,31.9
-O1UYME-85dNgtToe82k,419.31189,419.31189,70.3,71.1,38.51038,18.43712,31.9,31.9
-O1UY_32Ymk2A-cav-Gy,419.31189,419.31189,70.3,71.0,38.51038,18.779,31.9,31.9
-O1UYmqjvBl6tFdrJAmJ,419.31189,419.31189,70.3,71.0,38.51038,18.43712,31.9,32.0
-O1UZ0FYkE4kOglOEPvD,419.31189,419.31189,70.3,70.9,38.51038,18.73016,31.9,32.0
-O1UZCRQawp5q6hG67nP,419.31189,419.31189,70.3,71.0,38.51038,18.70574,31.9,31.9
-O1UZQ2Rr4MhyCMdQ_l_,419.31189,419.31189,70.3,71.2,38.51038,18.63248,31.9,31.9
-O1UZdjF9B4cMFrYfnec,419.31189,419.31189,70.3,71.1,38.51038,18.4127,31.9,31.9
-O1UZse3QlJEF5_jiSs9,419.31189,419.31189,70.3,70.9,38.51038,18.43712,31.9,31.9
-O1U_3rH7ktEfE8FD_h7,419.31189,419.31189,70.3,71.0,38.51038,18.63248,31.9,31.9
-O1U_GrL3Mc3MMIkTd36,419.31189,419.31189,70.3,71.0,38.51038,18.43712,31.9,31.9
-O1U_UverPSSuI7_NhyX,419.31189,419.31189,70.3,71.2,38.51038,18.36386,31.9,31.8
-O1U_jpRPCCPy8gAYUE4,419.31189,419.31189,70.3,71.1,38.51038,18.43712,31.9,31.9
-O1U_v20ISHhG0Fl8dA5,419.31189,419.31189,70.3,70.9,38.51038,18.46154,31.9,31.9
-O1Ua7dAJD8m94UbUWMY,419.31189,419.31189,70.3,71.0,38.51038,18.36386,31.9,31.9
-O1UaLd_VKL6q_3tZCC6,419.31189,419.31189,70.3,70.8,38.51038,18.4127,31.9,32.0
-O1Uaa9d2KhXCedH-rvB,419.31189,419.31189,70.3,70.8,38.51038,18.38828,31.9,31.9
-O1UamFRAAtucB6kQG2j,419.31189,419.31189,70.3,70.9,38.51038,18.51038,31.9,31.9
-O1UazqF9s2oVNCUZH8O,419.31189,419.31189,70.3,70.8,38.51038,18.75458,31.9,31.9
-O1UbCFAGRw5bTVIYyXn,419.31189,419.31189,70.3,70.9,38.51038,18.68132,31.9,31.9
-O1UbQcrRLzvjdSFsTvd,419.31189,419.31189,70.3,71.1,38.51038,18.58364,31.9,31.8
-O1Ubcr3T533IQLyIOjY,419.31189,419.31189,70.3,71.4,38.51038,18.68132,31.9,31.8
-O1Ubq1QGVaoGhrXnh_1,419.31189,419.31189,70.3,71.4,38.51038,18.82784,31.9,31.7
-O1Uc5Sg_SaEuukX-loW,419.31189,419.31189,70.3,71.3,38.51038,18.36386,31.9,31.8
-O1UcGQyJU4nk31G4DXw,419.31189,419.31189,70.3,71.2,38.51038,18.4127,31.9,31.9
-O1UcV3DR5nbdz-7kPXt,419.31189,419.31189,70.3,71.1,38.51038,18.75458,31.9,31.9
-O1Uch2Z8eIXH2iT1Jtr,419.31189,419.31189,70.3,70.9,38.51038,18.73016,31.9,31.9
-O1Ucv2A7V7y51lKTznk,419.31189,419.31189,70.3,70.7,38.51038,18.70574,31.9,32.0
-O1Ud7cnvuNqBz9FL8ge,419.31189,419.31189,70.3,70.6,38.51038,18.73016,31.9,32.0
-O1UdLRob3fqQA6M0Z-F,419.31189,419.31189,70.3,70.8,38.51038,18.68132,31.9,31.9
-O1UdYSjcV810sB-V2bB,419.31189,419.31189,70.3,70.6,38.51038,18.51038,31.9,32.0
-O1UdmEYETwzq0BbN2h_,419.31189,419.31189,70.3,70.5,38.51038,18.46154,31.9,32.0
-O1UdzEJMA7_UJq-vRBE,419.31189,419.31189,70.3,70.6,38.51038,18.608060000000002,31.9,32.0
-O1UeBpw1zUKzZEK1GmB,419.31189,419.31189,70.3,70.5,38.51038,18.75458,31.9,32.0
-O1UeUFV7FdIzoe8YX02,419.31189,419.31189,70.3,70.5,38.51038,18.75458,31.9,32.0
-O1UecyEjzxtGMKruvKm,419.31189,419.31189,70.3,70.6,38.51038,18.75458,31.9,31.9
-O1UerRgfSe2PI0Xf5QP,419.31189,419.31189,70.3,71.0,38.51038,18.779,31.9,31.9
-O1Uf3rgdLCNuJo0JO9h,419.31189,419.31189,70.3,70.9,38.51038,18.6569,31.9,31.9
-O1UfHqSsLJvXl7QfnZK,419.31189,419.31189,70.3,70.7,38.51038,18.70574,31.9,32.0
-O1UfVrXLWyUeH56Off3,419.31189,419.31189,70.3,70.4,38.51038,18.55922,31.9,32.1
-O1UfgRp_HSiYlI4XYzS,419.31189,419.31189,70.3,70.4,38.51038,18.63248,31.9,32.0
-O1Ufu1DqaoT1aWodtha,419.31189,419.31189,70.3,70.6,38.51038,18.70574,31.9,32.0
-O1Ug9e2pfC9jZH4yZPl,419.31189,419.31189,70.3,70.7,38.51038,18.6569,31.9,31.9
-O1UgN32-e3fhgsJxpXb,419.31189,419.31189,70.3,70.9,38.51038,18.75458,31.9,31.9
-O1UgXdvbp_lB_OjIpHI,419.31189,419.31189,70.3,71.1,38.51038,18.73016,31.9,31.8
-O1UgkqgPQv2bGlY8Nm2,419.31189,419.31189,70.3,71.3,38.51038,18.58364,31.9,31.7
-O1UgyQyMJovOXXfHPEB,419.31189,419.31189,70.3,71.3,38.51038,18.68132,31.9,31.8
-O1UhCddbRl-4CPv2YnV,419.31189,419.31189,70.3,71.2,38.51038,18.70574,31.9,31.8
-O1UhPSEkUKGU8ukgtd5,419.31189,419.31189,70.3,71.1,38.51038,18.63248,31.9,31.8
-O1Uhc2jVehQ709TrZ39,419.31189,419.31189,70.3,71.1,38.51038,18.68132,31.9,31.8
-O1UhprGv4zzyY7mpyNl,419.31189,419.31189,70.3,71.2,38.51038,18.85226,31.9,31.7
-O1Ui2EHCpU1LTTpaEXx,419.31189,419.31189,70.3,71.5,38.51038,18.779,31.9,31.7
-O1UiFdhs51-SrpfNH7C,419.31189,419.31189,70.3,71.5,38.51038,18.70574,31.9,31.7
-O1UiTdKVLYH90Fr-SmI,419.31189,419.31189,70.3,71.5,38.51038,18.51038,31.9,31.7
-O1Uig2EAtPq5-eGmP8t,419.31189,419.31189,70.3,71.2,38.51038,18.6569,31.9,31.8
-O1UitdaHRCDrNjd2oF6,419.31189,419.31189,70.3,71.0,38.51038,18.73016,31.9,31.8
-O1Uj5eUSjar_UXGthIf,419.31189,419.31189,70.3,71.0,38.51038,18.608060000000002,31.9,31.8
-O1UjK1xUXV7BkOaVDT1,419.31189,419.31189,70.3,71.1,38.51038,18.68132,31.9,31.8
-O1UjXNW9ewV5Ib2m4RO,419.31189,419.31189,70.3,71.2,38.51038,18.68132,31.9,31.8
-O1UjlEi_nbhgZT6lsef,419.31189,419.31189,70.3,71.2,38.51038,18.779,31.9,31.8
-O1UjzdQ0hOlFpJy8myR,419.31189,419.31189,70.3,71.1,38.51038,18.75458,31.9,31.8
-O1UkB2dTf4uxNZuTmjw,419.31189,419.31189,70.3,71.1,38.51038,18.87668,31.9,31.8
-O1UkNpdZo-C4aA0sr3S,419.31189,419.31189,70.3,71.1,38.51038,18.55922,31.9,31.8
-O1UkbQlI0pMsbaZ3uzz,419.31189,419.31189,70.3,71.1,38.51038,18.73016,31.9,31.8
-O1Uknr52z7N2JxArEP6,419.31189,419.31189,70.3,71.2,38.51038,18.73016,31.9,31.7
-O1Ul1FMlUTJMrykJlWs,419.31189,419.31189,70.3,71.3,38.51038,18.48596,31.9,31.7
-O1UlF1ekMbmMhJ_N_1D,419.31189,419.31189,70.3,71.3,38.51038,18.73016,31.9,31.7
-O1UlTSgdjXrEUQsYuqB,419.31189,419.31189,70.3,71.5,38.51038,18.779,31.9,31.7
-O1UlfEHkJya76dde_WF,419.31189,419.31189,70.3,71.5,38.51038,18.80342,31.9,31.7
-O1UlurBzyUZZruWN4LZ,419.31189,419.31189,70.3,71.3,38.51038,18.80342,31.9,31.7
-O1Um5RNU9InE_9fGq6i,419.31189,419.31189,70.3,71.3,38.51038,18.73016,31.9,31.7
-O1UmJS4uA3XagYZq1UB,419.31189,419.31189,70.3,71.3,38.51038,18.80342,31.9,31.7
-O1UmXSD2OT28f9yQQEU,419.31189,419.31189,70.3,71.2,38.51038,18.779,31.9,31.7
-O1UmjEvC4taGcFIHNDv,419.31189,419.31189,70.3,71.4,38.51038,18.82784,31.9,31.7
-O1Umx1wQJ8ghndVP2RF,419.31189,419.31189,70.3,71.5,38.51038,18.9011,31.9,31.6
-O1UnBFxkNpQPbPaKB2C,419.31189,419.31189,70.3,71.7,38.51038,18.63248,31.9,31.6
-O1UnO40H_pvxicCcU6p,419.31189,419.31189,70.3,71.6,38.51038,18.68132,31.9,31.6
-O1Un_dPO11l6v-7ueW4,419.31189,419.31189,70.3,71.7,38.51038,18.75458,31.9,31.6
-O1UnoFGiojCKtsW8Km-,419.31189,419.31189,70.3,71.5,38.51038,18.80342,31.9,31.7
-O1Uo1dWx7hxxQrQSdSB,419.31189,419.31189,70.3,71.4,38.51038,18.63248,31.9,31.6
-O1UoEFcYvi9Cj4CaP3i,419.31189,419.31189,70.3,71.5,38.51038,18.73016,31.9,31.6
-O1UoSFSKloX4cFOmwpC,419.31189,419.31189,70.3,71.6,38.51038,18.63248,31.9,31.6
-O1UogRffJIaBIG60qAB,419.31189,419.31189,70.3,71.4,38.51038,18.80342,31.9,31.7
-O1UotEU_uQlSUkghchK,419.31189,419.31189,70.3,71.4,38.51038,18.9011,31.9,31.7
-O1Up4q9gg0EUsg_uVhZ,419.31189,419.31189,70.3,71.4,38.51038,18.70574,31.9,31.7
-O1UpJ2QeppbYRZVdX0h,419.31189,419.31189,70.3,71.5,38.51038,18.75458,31.9,31.7
-O1UpYe4x3aNZ07ZFkFn,419.31189,419.31189,70.3,71.3,38.51038,18.73016,31.9,31.7
-O1UpirJ6HrlZpP0VUmq,419.31189,419.31189,70.3,71.5,38.51038,18.779,31.9,31.7
-O1UpwdfFyGkQgR2UGqp,419.31189,419.31189,70.3,71.2,38.51038,18.75458,31.9,31.7
-O1Uq8qQnfvl4-XrjjTX,419.31189,419.31189,70.3,71.4,38.51038,18.80342,31.9,31.7
-O1UqNPgofxskiZoccw1,419.31189,419.31189,70.3,71.5,38.51038,18.779,31.9,31.6
-O1UqadGqTDawrGwnXKG,419.31189,419.31189,70.3,71.5,38.51038,18.779,31.9,31.6
-O1UqnFQPCzJh_YmiTBD,419.31189,419.31189,70.3,71.6,38.51038,18.51038,31.9,31.6
-O1Ur03O0Fi2yJzUD5aH,419.31189,419.31189,70.3,71.3,38.51038,18.63248,31.9,31.7
-O1UrEF-3Ts58ECzHQI2,419.31189,419.31189,70.3,71.0,38.51038,18.80342,31.9,31.8
-O1UrRSNwCAkdYuFEvUm,419.31189,419.31189,70.3,71.2,38.51038,18.779,31.9,31.7
-O1UrdrAa-zx54aEOQYG,419.31189,419.31189,70.3,71.3,38.51038,18.63248,31.9,31.7
-O1Urse9NHWUNjDLC5t2,419.31189,419.31189,70.3,71.1,38.51038,18.73016,31.9,31.8
-O1Us5EtNnD5gXSPNLgz,419.31189,419.31189,70.3,71.0,38.51038,18.70574,31.9,31.8
-O1UsHpsamzT88GD1Ohc,419.31189,419.31189,70.3,70.8,38.51038,18.80342,31.9,31.9
-O1UsVFNrbKcnknEOzdT,419.31189,419.31189,70.3,70.8,38.51038,18.70574,31.9,31.8
-O1Usiqj7hRbwe83lfVG,419.31189,419.31189,70.3,70.7,38.51038,18.779,31.9,31.9
-O1UsxFX3pDZ7uuRLU9N,419.31189,419.31189,70.3,70.6,38.51038,18.9011,31.9,31.9
-O1Ut8RPqG-pkAsUyh17,419.31189,419.31189,70.3,70.8,38.51038,18.80342,31.9,31.8
-O1UtM1iigLT5Cq1iTF6,419.31189,419.31189,70.3,71.1,38.51038,18.97436,31.9,31.7
-O1Ut_Rl4uFUZKuVfu4X,419.31189,419.31189,70.3,71.2,38.51038,18.99878,31.9,31.7
-O1UtnRaE6Kn_3lnFXkd,419.31189,419.31189,70.3,71.2,38.51038,18.70574,31.9,31.7
-O1Uu0ER-ymxDT3j5j3V,419.31189,419.31189,70.3,71.3,38.51038,18.82784,31.9,31.7
-O1UuDFsQSgfTXXGtn6y,419.31189,419.31189,70.3,71.2,38.51038,18.779,31.9,31.7
-O1UuRdR3RNTvbu0We9W,419.31189,419.31189,70.3,71.0,38.51038,19.0232,31.9,31.8
-O1Uudj7kGLwf4Htbc0k,419.31189,419.31189,70.3,70.8,38.51038,18.92552,31.9,31.8
-O1UuqejhpyCfdbN75Vi,419.31189,419.31189,70.3,70.6,38.51038,18.82784,31.9,31.9
-O1Uv3S6RN7AEaCFBSCX,419.31189,419.31189,70.3,70.6,38.51038,19.1453,31.9,31.9
-O1UvH3Xo8XIgJnzRUuS,419.31189,419.31189,70.3,70.8,38.51038,18.85226,31.9,31.8
-O1UvWGUCab1fLM93qsS,419.31189,419.31189,70.3,70.8,38.51038,18.73016,31.9,31.9
-O1UvhG0YTFt5WUPl1cp,419.31189,419.31189,70.3,70.7,38.51038,18.779,31.9,31.8
-O1UvwRwq_OznlEjZRGM,419.31189,419.31189,70.3,71.0,38.51038,18.82784,31.9,31.8
-O1Uw92bL9YJLpYNFRHI,419.31189,419.31189,70.3,71.0,38.51038,18.73016,31.9,31.8
-O1UwMRJr9sjmqBJ1GWp,419.31189,419.31189,70.3,70.6,38.51038,18.82784,31.9,31.9
-O1Uw_rkl7sRw72-oi_C,419.31189,419.31189,70.3,70.5,38.51038,18.80342,31.9,31.9
-O1Uwm2wHw_dOl24JLLP,419.31189,419.31189,70.3,70.5,38.51038,18.82784,31.9,31.9
-O1Ux-dbF1qF0skM8GZw,419.31189,419.31189,70.3,70.7,38.51038,18.779,31.9,31.8
-O1UxEeHqhA6BVvTuXzo,419.31189,419.31189,70.3,70.6,38.51038,18.779,31.9,31.9
-O1UxR37nZj7bhXXUVx9,419.31189,419.31189,70.3,70.7,38.51038,18.87668,31.9,31.9
-O1UxdG5CmqXkpJ87G-H,419.31189,419.31189,70.3,70.5,38.51038,18.9011,31.9,31.9
-O1UxqFKhzptr9AWze2v,419.31189,419.31189,70.3,70.6,38.51038,18.82784,31.9,31.8
-O1Uy3rdXdylyXl3b8yI,419.31189,419.31189,70.3,70.8,38.51038,18.87668,31.9,31.8
-O1UyH2yv036w3tDlcVf,419.31189,419.31189,70.3,70.9,38.51038,18.82784,31.9,31.8
-O1UyUdKFiYqp6cryNNO,419.31189,419.31189,70.3,71.1,38.51038,18.82784,31.9,31.7
-O1UyhFGuvVKhzOIgk3q,419.31189,419.31189,70.3,71.2,38.51038,18.99878,31.9,31.7
-O1UyvS4ozCscPK4NN-5,419.31189,419.31189,70.3,71.1,38.51038,18.92552,31.9,31.7
-O1Uz7SLcp3pfbV1IpxS,419.31189,419.31189,70.3,71.1,38.51038,18.85226,31.9,31.7
-O1UzLeMdK1JmHBmTMeA,419.31189,419.31189,70.3,71.0,38.51038,19.07204,31.9,31.7
-O1UzZGxtxTKp_TKTsZY,419.31189,419.31189,70.3,70.9,38.51038,18.92552,31.9,31.8
-O1UzmSul53iAEaJJMvz,419.31189,419.31189,70.3,70.6,38.51038,18.97436,31.9,31.9
-O1UzzeOlc84vHP1g5Af,419.31189,419.31189,70.3,70.6,38.51038,18.92552,31.9,31.9
-O1V-DRtqVUClylwUxxL,419.31189,419.31189,70.3,70.7,38.51038,18.80342,31.9,31.8
-O1V-PG2cuhbplJ9MwTi,419.31189,419.31189,70.3,70.8,38.51038,18.85226,31.9,31.8
-O1V-fSvuAd5e0nHnnjg,419.31189,419.31189,70.3,70.8,38.51038,18.70574,31.9,31.8
-O1V-qrgz-wWK99Yvk9u,419.31189,419.31189,70.3,70.5,38.51038,18.73016,31.9,31.9
-O1V0345j99_7d5LWtmv,419.31189,419.31189,70.3,70.5,38.51038,18.70574,31.9,31.9
-O1V0HSdlKbcxgZ9Tdlq,419.31189,419.31189,70.3,70.7,38.51038,18.608060000000002,31.9,31.8
-O1V0Vda8embjB4u8CNJ,419.31189,419.31189,70.3,70.8,38.51038,18.33944,31.9,31.8
-O1V0gRcbPwcf2050haC,419.31189,419.31189,70.3,70.7,38.51038,18.70574,31.9,31.8
-O1V0v2iyN1--7ZN72BL,419.31189,419.31189,70.3,70.5,38.51038,18.5348,31.9,31.9
-O1V16qS0AN5x4AgxtX7,419.31189,419.31189,70.3,70.6,38.51038,18.82784,31.9,31.9
-O1V1L1yw92xBhGK_l9C,419.31189,419.31189,70.3,70.5,38.51038,18.6569,31.9,31.9
-O1V1Z2TFwRBOB2OFsSo,419.31189,419.31189,70.3,70.4,38.51038,18.75458,31.9,31.9
-O1V1lFVexKt1H4GBtbL,419.31189,419.31189,70.3,70.5,38.51038,18.6569,31.9,31.9
-O1V1ySSRoHWnDhRF4fY,419.31189,419.31189,70.3,70.5,38.51038,18.73016,31.9,31.9
-O1V2BqloYyTuftZKa0X,419.31189,419.31189,70.3,70.7,38.51038,18.75458,31.9,31.8
-O1V2P2aEVXSPv-nhVpl,419.31189,419.31189,70.3,70.6,38.51038,18.63248,31.9,31.8
-O1V2cFJw5ysOS53LBQ2,419.31189,419.31189,70.3,70.5,38.51038,18.51038,31.9,31.9
-O1V2pS3-2R4n8TbJn5D,419.31189,419.31189,70.3,70.5,38.51038,18.46154,31.9,31.9
-O1V35UJ_5b73ZbOiCAM,419.31189,419.31189,70.3,70.4,38.51038,18.5348,31.9,31.9
-O1V3G27F46FW2lF-ARn,419.31189,419.31189,70.3,70.3,38.51038,18.48596,31.9,31.9
-O1V3TGBR4w2hsBo7VgB,419.31189,419.31189,70.3,70.1,38.51038,18.24176,31.9,32.0
-O1V3fq3lvcBpxhsjMMx,419.31189,419.31189,70.3,70.2,38.51038,18.608060000000002,31.9,32.0
-O1V3uFy6dJ10cr2vLyY,419.31189,419.31189,70.3,70.2,38.51038,18.70574,31.9,32.0
-O1V46r5UJa3dCeh8RbZ,419.31189,419.31189,70.3,70.3,38.51038,18.608060000000002,31.9,31.9
-O1V4Jep0zT0YPolOE5k,419.31189,419.31189,70.3,70.4,38.51038,18.58364,31.9,31.9
-O1V4XSXBayGQiuvkiW5,419.31189,419.31189,70.3,70.4,38.51038,18.608060000000002,31.9,31.9
-O1V4lFdamAneTQR2_w2,419.31189,419.31189,70.3,70.4,38.51038,18.6569,31.9,31.9
-O1V4xqBBCLaf1SYT8oh,419.31189,419.31189,70.3,70.3,38.51038,18.75458,31.9,31.9
-O1V5AfInBWymOI8zbOn,419.31189,419.31189,70.3,70.3,38.51038,18.68132,31.9,31.9
-O1V5Oesf6NQ4PmE3JD7,419.31189,419.31189,70.3,70.4,38.51038,18.58364,31.9,31.9
-O1V5cSMdHhapYu4AozV,419.31189,419.31189,70.3,70.3,38.51038,18.73016,31.9,31.9
-O1V5pHMKwAFT07S9oC4,419.31189,419.31189,70.3,70.3,38.51038,18.51038,31.9,31.9
-O1V623AlaCxWhzjNsnz,419.31189,419.31189,70.3,70.3,38.51038,18.68132,31.9,31.9
-O1V6FZ2-HzJdwzZu75Q,419.31189,419.31189,70.3,70.3,38.51038,18.68132,31.9,31.9
